{
  "users": [
    {
      "image_url": "https://dnna01d8m6k3w.cloudfront.net/partner/202306/20230616/e9eab34b-90df-42d9-9544-75a8d40c2ce6.jpg",
      "info_wrap": "셀린 아뜰리에",
      "region": "서울 강남구"
    },
    {
      "image_url": "img/default.png",
      "info_wrap": "모뜨와웨딩",
      "region": "전북 남원시"
    },
    {
      "image_url": "img/default.png",
      "info_wrap": "YOONDRESS",
      "region": "부산 수영구"
    },
    {
      "image_url": "img/default.png",
      "info_wrap": "아이웨딩유",
      "region": "광주 서구"
    },
    {
      "image_url": "img/default.png",
      "info_wrap": "퀸즈웨딩",
      "region": "광주 남구"
    },
    {
      "image_url": "img/default.png",
      "info_wrap": "이광자드레스",
      "region": "경기 용인시"
    },
    {
      "image_url": "img/default.png",
      "info_wrap": "디오웨딩스튜디오",
      "region": "경기 김포시"
    },
    {
      "image_url": "img/default.png",
      "info_wrap": "에스뽀와르",
      "region": "대구 수성구"
    },
    {
      "image_url": "img/default.png",
      "info_wrap": "서울웨딩드레스",
      "region": "부산 수영구"
    },
    {
      "image_url": "img/default.png",
      "info_wrap": "예주",
      "region": "전남 여수시"
    },
    {
      "image_url": "img/default.png",
      "info_wrap": "이유정웨딩",
      "region": "대구 중구"
    },
    {
      "image_url": "img/default.png",
      "info_wrap": "웨딩뷰",
      "region": "광주 서구"
    },
    {
      "image_url": "img/default.png",
      "info_wrap": "이예진웨딩",
      "region": "제주 제주시"
    },
    {
      "image_url": "img/default.png",
      "info_wrap": "필웨딩샵",
      "region": "충북 청주시"
    },
    {
      "image_url": "img/default.png",
      "info_wrap": "김미경웨딩컬렉션",
      "region": "대전 서구"
    },
    {
      "image_url": "img/default.png",
      "info_wrap": "리본앤타이",
      "region": "경기 군포시"
    },
    {
      "image_url": "img/default.png",
      "info_wrap": "새하얀집",
      "region": "광주 동구"
    },
    {
      "image_url": "img/default.png",
      "info_wrap": "안나그리다",
      "region": "부산 해운대구"
    },
    {
      "image_url": "https://dnna01d8m6k3w.cloudfront.net/partner/202307/20230721/1a6d8ed6-b941-40d8-87c3-f84f00e62e9a.jpg",
      "info_wrap": "메종클로이 (수원)",
      "region": "경기 수원시"
    },
    {
      "image_url": "img/default.png",
      "info_wrap": "에코로브",
      "region": "충북 청주시"
    },
    {
      "image_url": "img/default.png",
      "info_wrap": "로뎀웨딩샵",
      "region": "경남 창원시"
    },
    {
      "image_url": "img/default.png",
      "info_wrap": "시집가는날",
      "region": "전북 전주시"
    },
    {
      "image_url": "img/default.png",
      "info_wrap": "가넷웨딩",
      "region": "부산 수영구"
    },
    {
      "image_url": "img/default.png",
      "info_wrap": "웨딩티아라",
      "region": "부산 진구"
    },
    {
      "image_url": "img/default.png",
      "info_wrap": "영드레스",
      "region": "대전 서구"
    },
    {
      "image_url": "https://dnna01d8m6k3w.cloudfront.net/profile/201908/20190817/2395ef71-78dd-4f22-b788-d7e774049f38.jpg",
      "info_wrap": "카이라브라이덜",
      "region": "서울 강남구"
    },
    {
      "image_url": "img/default.png",
      "info_wrap": "에오스드레스",
      "region": "경기 성남시"
    },
    {
      "image_url": "img/default.png",
      "info_wrap": "곱디고운웨딩샵2호점",
      "region": "충북 충주시"
    },
    {
      "image_url": "img/default.png",
      "info_wrap": "웨딩센스",
      "region": "대구 동구"
    },
    {
      "image_url": "https://dnna01d8m6k3w.cloudfront.net/partner/202311/20231114/0e165b58-bc21-4b1e-8e12-7ff7cfbd484d.JPG",
      "info_wrap": "브라이드벨라",
      "region": "서울 강남구"
    },
    {
      "image_url": "img/default.png",
      "info_wrap": "황실웨딩드레스",
      "region": "경기 부천시"
    },
    {
      "image_url": "img/default.png",
      "info_wrap": "샤리마웨딩",
      "region": "부산 북구"
    },
    {
      "image_url": "https://d2inirspb1537h.cloudfront.net/community/d201704/d20170414/DAF8B310-DBE6-4B03-ACDA-2D6F84754DB4-42121-00002C012C400F7F.jpeg",
      "info_wrap": "더문웨딩",
      "region": "경기 성남시"
    },
    {
      "image_url": "img/default.png",
      "info_wrap": "레아웨딩",
      "region": "제주 제주시"
    },
    {
      "image_url": "img/default.png",
      "info_wrap": "웨딩로웰",
      "region": "서울 종로구"
    },
    {
      "image_url": "img/default.png",
      "info_wrap": "리클래식스튜디오",
      "region": "충북 충주시"
    },
    {
      "image_url": "img/default.png",
      "info_wrap": "오데뜨웨딩",
      "region": "대구 중구"
    },
    {
      "image_url": "img/default.png",
      "info_wrap": "분바르기웨딩",
      "region": "대전 중구"
    },
    {
      "image_url": "img/default.png",
      "info_wrap": "하은메이크업",
      "region": "경기 안산시"
    },
    {
      "image_url": "img/default.png",
      "info_wrap": "호야갤러리",
      "region": "경기 광주시"
    },
    {
      "image_url": "img/default.png",
      "info_wrap": "메르시마레",
      "region": "부산 수영구"
    },
    {
      "image_url": "img/default.png",
      "info_wrap": "코코메이크업",
      "region": "강원 원주시"
    },
    {
      "image_url": "img/default.png",
      "info_wrap": "반짇고리",
      "region": "경기 안산시"
    },
    {
      "image_url": "img/default.png",
      "info_wrap": "타이밍웨딩샵",
      "region": "광주 동구"
    },
    {
      "image_url": "img/default.png",
      "info_wrap": "클라우디아 인천점",
      "region": "인천 남동구"
    },
    {
      "image_url": "img/default.png",
      "info_wrap": "시애나웨딩부페",
      "region": "부산 사하구"
    },
    {
      "image_url": "https://d2inirspb1537h.cloudfront.net/community/d201701/d20170127/D06FB52A-740E-49FB-8C95-9EA3A394F3DA-3333-000003E87CDE7B16.jpeg",
      "info_wrap": "마리스포사",
      "region": "대구 중구"
    },
    {
      "image_url": "img/default.png",
      "info_wrap": "결만사웨딩",
      "region": "충북 제천시"
    },
    {
      "image_url": "img/default.png",
      "info_wrap": "현드레스",
      "region": "경남 통영시"
    },
    {
      "image_url": "img/default.png",
      "info_wrap": "아뜰리웨웨딩",
      "region": "부산 동구"
    },
    {
      "image_url": "img/default.png",
      "info_wrap": "rosemarry",
      "region": "서울 송파구"
    },
    {
      "image_url": "img/default.png",
      "info_wrap": "베아띠웨딩드레스",
      "region": "서울 강동구"
    },
    {
      "image_url": "img/default.png",
      "info_wrap": "권오상드레스",
      "region": "대전 서구"
    },
    {
      "image_url": "img/default.png",
      "info_wrap": "갤러리비 드레스",
      "region": "부산 수영구"
    },
    {
      "image_url": "img/default.png",
      "info_wrap": "메종 보네르",
      "region": "대구 중구"
    },
    {
      "image_url": "img/default.png",
      "info_wrap": "보람웨딩이벤트",
      "region": "대구 중구"
    },
    {
      "image_url": "img/default.png",
      "info_wrap": "라스텔라웨딩",
      "region": "부산 해운대구"
    },
    {
      "image_url": "https://dnna01d8m6k3w.cloudfront.net/partner/202310/20231010/1ca744e5-b200-4dd3-878c-3f31495d1b73.jpg",
      "info_wrap": "안나스포사",
      "region": "서울 강남구"
    },
    {
      "image_url": "https://dnna01d8m6k3w.cloudfront.net/partner/202301/20230116/c14d7dea-30c5-4be9-9df1-a29125cb34f6.jpg",
      "info_wrap": "라포레",
      "region": "서울 강남구"
    },
    {
      "image_url": "img/default.png",
      "info_wrap": "오월의신부",
      "region": "경남 김해시"
    },
    {
      "image_url": "https://dnna01d8m6k3w.cloudfront.net/partner/202308/20230823/9eb9e4c7-113f-4319-9d58-c1fb060fb967.jpg",
      "info_wrap": "페르테레이",
      "region": "서울 강남구"
    },
    {
      "image_url": "img/default.png",
      "info_wrap": "아르도레",
      "region": "경기 수원시"
    },
    {
      "image_url": "img/default.png",
      "info_wrap": "행복한신부",
      "region": "경북 구미시"
    },
    {
      "image_url": "img/default.png",
      "info_wrap": "대전리본웨딩",
      "region": "대전 서구"
    },
    {
      "image_url": "img/default.png",
      "info_wrap": "라프로메사",
      "region": "광주 동구"
    },
    {
      "image_url": "img/default.png",
      "info_wrap": "드레스현 웨딩샵 스튜디오",
      "region": "충북 청주시"
    },
    {
      "image_url": "img/default.png",
      "info_wrap": "임마누엘드레스의상실",
      "region": "경기 의정부시"
    },
    {
      "image_url": "img/default.png",
      "info_wrap": "다나한",
      "region": "인천 남구"
    },
    {
      "image_url": "img/default.png",
      "info_wrap": "백옥웨딩",
      "region": "서울 마포구"
    },
    {
      "image_url": "img/default.png",
      "info_wrap": "와우스튜디오",
      "region": "강원 강릉시"
    },
    {
      "image_url": "img/default.png",
      "info_wrap": "추암가든웨딩",
      "region": "강원 동해시"
    },
    {
      "image_url": "img/default.png",
      "info_wrap": "파티복닷컴",
      "region": "인천 연수구"
    },
    {
      "image_url": "https://dnna01d8m6k3w.cloudfront.net/partner/201905/20190528/cd646401-35cd-4cf4-ab06-d0ea8a82b6b4.jpg",
      "info_wrap": "본느마리에",
      "region": "서울 강남구"
    },
    {
      "image_url": "img/default.png",
      "info_wrap": "화이트웨딩",
      "region": "전북 군산시"
    },
    {
      "image_url": "https://dnna01d8m6k3w.cloudfront.net/partner/202304/20230427/9f155e8a-fe7c-4426-a953-2e7f80145cfb.jpg",
      "info_wrap": "김미숙웨딩",
      "region": "서울 강남구"
    },
    {
      "image_url": "img/default.png",
      "info_wrap": "라임웨딩",
      "region": "제주 제주시"
    },
    {
      "image_url": "img/default.png",
      "info_wrap": "동감",
      "region": "-"
    },
    {
      "image_url": "img/default.png",
      "info_wrap": "스포엔샤웨딩",
      "region": "대구 중구"
    },
    {
      "image_url": "img/default.png",
      "info_wrap": "WEDDING고우리",
      "region": "제주 제주시"
    },
    {
      "image_url": "img/default.png",
      "info_wrap": "진유로웨딩샵",
      "region": "전남 여수시"
    },
    {
      "image_url": "img/default.png",
      "info_wrap": "나나드레스",
      "region": "제주 제주시"
    },
    {
      "image_url": "img/default.png",
      "info_wrap": "B&B웨딩",
      "region": "경북 구미시"
    },
    {
      "image_url": "img/default.png",
      "info_wrap": "원주엘가웨딩",
      "region": "강원 원주시"
    },
    {
      "image_url": "img/default.png",
      "info_wrap": "드레스앤유",
      "region": "부산 금정구"
    },
    {
      "image_url": "img/default.png",
      "info_wrap": "환희드레스",
      "region": "부산 진구"
    },
    {
      "image_url": "img/default.png",
      "info_wrap": "로단",
      "region": "경기 안성시"
    },
    {
      "image_url": "img/default.png",
      "info_wrap": "라파엘",
      "region": "부산 동구"
    },
    {
      "image_url": "img/default.png",
      "info_wrap": "다솜웨딩",
      "region": "대구 수성구"
    },
    {
      "image_url": "img/default.png",
      "info_wrap": "마리엔웨딩",
      "region": "경북 상주시"
    },
    {
      "image_url": "https://dnna01d8m6k3w.cloudfront.net/partner/202303/20230317/57c1c999-1245-4647-8150-431f0818ae14.jpg",
      "info_wrap": "시작바이이명순",
      "region": "서울 강남구"
    },
    {
      "image_url": "img/default.png",
      "info_wrap": "까사르엔클럽소풍",
      "region": "광주 서구"
    },
    {
      "image_url": "https://dnna01d8m6k3w.cloudfront.net/partner/202301/20230103/b9680c38-2cfc-4884-833e-c85f714fe964.jpg",
      "info_wrap": "제이브라이드 by 정경애",
      "region": "서울 강남구"
    },
    {
      "image_url": "img/default.png",
      "info_wrap": "삐아체웨딩",
      "region": "광주 남구"
    },
    {
      "image_url": "img/default.png",
      "info_wrap": "허브웨딩",
      "region": "경남 창원시"
    },
    {
      "image_url": "https://dnna01d8m6k3w.cloudfront.net/partner/201905/20190528/68f197f1-20ff-4780-ad3d-e98ab33341c7.jpg",
      "info_wrap": "황선정웨딩",
      "region": "서울 강남구"
    },
    {
      "image_url": "https://dnna01d8m6k3w.cloudfront.net/partner/202207/20220714/e37ad468-3bc3-4020-830a-0dbc10178802.jpg",
      "info_wrap": "에이브리즈",
      "region": "서울 강남구"
    },
    {
      "image_url": "img/default.png",
      "info_wrap": "메종드블랑",
      "region": "서울 용산구"
    },
    {
      "image_url": "img/default.png",
      "info_wrap": "결혼을만드는사람들웨딩드레스명품관",
      "region": "울산 남구"
    },
    {
      "image_url": "img/default.png",
      "info_wrap": "코코웨딩",
      "region": "대구 중구"
    },
    {
      "image_url": "img/default.png",
      "info_wrap": "미라클",
      "region": "충북 충주시"
    },
    {
      "image_url": "img/default.png",
      "info_wrap": "최재훈웨딩부띠끄",
      "region": "부산 진구"
    },
    {
      "image_url": "https://d31gm4xoou1wz2.cloudfront.net/community/d201801/d20180124/6049A81C-4868-405E-803F-52FE81F23A2C-9622-000008550EA0B273.jpeg",
      "info_wrap": "비파티",
      "region": "인천 부평구"
    },
    {
      "image_url": "img/default.png",
      "info_wrap": "아리스타타",
      "region": "경남 김해시"
    },
    {
      "image_url": "img/default.png",
      "info_wrap": "미누",
      "region": "전북 군산시"
    },
    {
      "image_url": "img/default.png",
      "info_wrap": "이태숙웨딩갤러리",
      "region": "경북 안동시"
    },
    {
      "image_url": "img/default.png",
      "info_wrap": "리갈웨딩",
      "region": "경북 경주시"
    },
    {
      "image_url": "img/default.png",
      "info_wrap": "도르",
      "region": "경기 수원시"
    },
    {
      "image_url": "img/default.png",
      "info_wrap": "스튜디오여원",
      "region": "경기 안양시"
    },
    {
      "image_url": "img/default.png",
      "info_wrap": "웨딩정원",
      "region": "강원 동해시"
    },
    {
      "image_url": "https://dnna01d8m6k3w.cloudfront.net/partner/202201/20220103/3c99a819-3a0b-4a3c-9fb6-f451fe2a1bab.jpg",
      "info_wrap": "로자스포사 부산점",
      "region": "부산 진구"
    },
    {
      "image_url": "img/default.png",
      "info_wrap": "우연희웨딩뷰띠끄",
      "region": "대구 중구"
    },
    {
      "image_url": "img/default.png",
      "info_wrap": "네일드레스",
      "region": "경남 김해시"
    },
    {
      "image_url": "img/default.png",
      "info_wrap": "차웨딩모드",
      "region": "대구 달서구"
    },
    {
      "image_url": "img/default.png",
      "info_wrap": "프린세스다이어리 이대점",
      "region": "서울 서대문구"
    },
    {
      "image_url": "img/default.png",
      "info_wrap": "송영미웨딩콜렉션",
      "region": "대전 중구"
    },
    {
      "image_url": "https://dnna01d8m6k3w.cloudfront.net/profile/202309/20230909/b69b066d-9459-468b-bea0-bde5263c1ed2.jpg",
      "info_wrap": "크리스토프초이",
      "region": "서울 강남구"
    },
    {
      "image_url": "https://dnna01d8m6k3w.cloudfront.net/partner/202308/20230803/14979c4b-6675-4456-9aa6-ea717f55c58b.jpg",
      "info_wrap": "모니카블랑쉬",
      "region": "서울 강남구"
    },
    {
      "image_url": "https://dnna01d8m6k3w.cloudfront.net/partner/201911/20191113/7fdee3ec-ac8c-4210-a712-a04a5502f084.jpg",
      "info_wrap": "브라이드메이",
      "region": "서울 강남구"
    },
    {
      "image_url": "img/default.png",
      "info_wrap": "N스튜디오",
      "region": "울산 중구"
    },
    {
      "image_url": "img/default.png",
      "info_wrap": "케이엔엔인터내셔널",
      "region": "부산 연제구"
    },
    {
      "image_url": "img/default.png",
      "info_wrap": "라디에스",
      "region": "서울 서대문구"
    },
    {
      "image_url": "img/default.png",
      "info_wrap": "드레스바이민",
      "region": "인천 부평구"
    },
    {
      "image_url": "img/default.png",
      "info_wrap": "에스메랄다대전점",
      "region": "대전 유성구"
    },
    {
      "image_url": "img/default.png",
      "info_wrap": "페미니에드레스",
      "region": "경기 고양시"
    },
    {
      "image_url": "img/default.png",
      "info_wrap": "SOYOO BRIDAL BUSAN",
      "region": "부산 해운대구"
    },
    {
      "image_url": "img/default.png",
      "info_wrap": "덕원",
      "region": "부산 진구"
    },
    {
      "image_url": "img/default.png",
      "info_wrap": "웨딩이십일",
      "region": "제주 제주시"
    },
    {
      "image_url": "img/default.png",
      "info_wrap": "비앤비웨딩",
      "region": "경북 구미시"
    },
    {
      "image_url": "img/default.png",
      "info_wrap": "최유진웨딩샵",
      "region": "전북 전주시"
    },
    {
      "image_url": "img/default.png",
      "info_wrap": "더써드마인드 강릉점",
      "region": "강원 강릉시"
    },
    {
      "image_url": "https://dnna01d8m6k3w.cloudfront.net/partner/202212/20221209/96413690-ac8e-4d4a-ac95-13f7ecf910c7.jpg",
      "info_wrap": "르누아바이장대희",
      "region": "서울 강남구"
    },
    {
      "image_url": "img/default.png",
      "info_wrap": "로사웨딩",
      "region": "부산 수영구"
    },
    {
      "image_url": "img/default.png",
      "info_wrap": "진주웨딩",
      "region": "제주 제주시"
    },
    {
      "image_url": "img/default.png",
      "info_wrap": "거북이웨딩",
      "region": "서울 서대문구"
    },
    {
      "image_url": "img/default.png",
      "info_wrap": "웨플스컴퍼니",
      "region": "인천 남동구"
    },
    {
      "image_url": "img/default.png",
      "info_wrap": "아젤리아웨딩",
      "region": "경남 창원시"
    },
    {
      "image_url": "img/default.png",
      "info_wrap": "이보영웨딩",
      "region": "인천 남동구"
    },
    {
      "image_url": "img/default.png",
      "info_wrap": "소유",
      "region": "대구 중구"
    },
    {
      "image_url": "https://dnna01d8m6k3w.cloudfront.net/partner/202311/20231129/b3ac80c2-d0d1-4cab-b5f6-0cd7c46307f8.jpg",
      "info_wrap": "아멜리에블랑",
      "region": "서울 강남구"
    },
    {
      "image_url": "img/default.png",
      "info_wrap": "라비앙로즈 웨딩드레스",
      "region": "경기 수원시"
    },
    {
      "image_url": "img/default.png",
      "info_wrap": "라비앙",
      "region": "대구 중구"
    },
    {
      "image_url": "img/default.png",
      "info_wrap": "이수정웨딩",
      "region": "경남 창원시"
    },
    {
      "image_url": "img/default.png",
      "info_wrap": "웨딩마가렛",
      "region": "경북 경주시"
    },
    {
      "image_url": "img/default.png",
      "info_wrap": "웨딩겔러리",
      "region": "부산 진구"
    },
    {
      "image_url": "img/default.png",
      "info_wrap": "마레1992",
      "region": "경기 고양시"
    },
    {
      "image_url": "https://dnna01d8m6k3w.cloudfront.net/partner/202309/20230922/238ebdfb-0a52-47c0-b51c-f9440a8d5e2b.jpg",
      "info_wrap": "크리드제이",
      "region": "서울 강남구"
    },
    {
      "image_url": "img/default.png",
      "info_wrap": "샵웨딩",
      "region": "대구 중구"
    },
    {
      "image_url": "img/default.png",
      "info_wrap": "첫눈에 반하다",
      "region": "경기 남양주시"
    },
    {
      "image_url": "img/default.png",
      "info_wrap": "라페니체",
      "region": "인천 부평구"
    },
    {
      "image_url": "img/default.png",
      "info_wrap": "웨딩엘리시아",
      "region": "경기 하남시"
    },
    {
      "image_url": "img/default.png",
      "info_wrap": "아뜰리에 드 망고",
      "region": "대전 서구"
    },
    {
      "image_url": "img/default.png",
      "info_wrap": "신동아웨딩샵",
      "region": "강원 삼척시"
    },
    {
      "image_url": "img/default.png",
      "info_wrap": "아시아드시티웨딩홀",
      "region": "부산 연제구"
    },
    {
      "image_url": "img/default.png",
      "info_wrap": "예향돌복",
      "region": "경남 양산시"
    },
    {
      "image_url": "img/default.png",
      "info_wrap": "밀레만수점",
      "region": "인천 남동구"
    },
    {
      "image_url": "img/default.png",
      "info_wrap": "김경은웨딩",
      "region": "대구 중구"
    },
    {
      "image_url": "img/default.png",
      "info_wrap": "강남드레스",
      "region": "경기 안산시"
    },
    {
      "image_url": "img/default.png",
      "info_wrap": "전주연주복테리쉔",
      "region": "전북 전주시"
    },
    {
      "image_url": "img/default.png",
      "info_wrap": "해피웨딩",
      "region": "인천 부평구"
    },
    {
      "image_url": "img/default.png",
      "info_wrap": "디아망웨딩",
      "region": "전북 전주시"
    },
    {
      "image_url": "img/default.png",
      "info_wrap": "황실드레스",
      "region": "부산 진구"
    },
    {
      "image_url": "img/default.png",
      "info_wrap": "성우웨딩샵",
      "region": "광주 동구"
    },
    {
      "image_url": "img/default.png",
      "info_wrap": "코코드레스",
      "region": "부산 해운대구"
    },
    {
      "image_url": "img/default.png",
      "info_wrap": "동부건설메리움동래점",
      "region": "부산 동래구"
    },
    {
      "image_url": "img/default.png",
      "info_wrap": "황제양복점",
      "region": "대전 동구"
    },
    {
      "image_url": "img/default.png",
      "info_wrap": "웨딩카마",
      "region": "경기 김포시"
    },
    {
      "image_url": "img/default.png",
      "info_wrap": "디떼",
      "region": "부산 수영구"
    },
    {
      "image_url": "https://dnna01d8m6k3w.cloudfront.net/partner/202301/20230103/3d055955-c30f-456a-b1f4-eb50d7b5932d.jpg",
      "info_wrap": "엘클로이",
      "region": "서울 강남구"
    },
    {
      "image_url": "img/default.png",
      "info_wrap": "우리컨벤션웨딩홀",
      "region": "부산 동구"
    },
    {
      "image_url": "img/default.png",
      "info_wrap": "백합웨딩",
      "region": "전북 전주시"
    },
    {
      "image_url": "img/default.png",
      "info_wrap": "쥬시아뜰리에",
      "region": "인천 부평구"
    },
    {
      "image_url": "img/default.png",
      "info_wrap": "정웨딩",
      "region": "경북 경주시"
    },
    {
      "image_url": "img/default.png",
      "info_wrap": "마리아쥬",
      "region": "제주 제주시"
    },
    {
      "image_url": "img/default.png",
      "info_wrap": "라스텔라",
      "region": "경남 진주시"
    },
    {
      "image_url": "img/default.png",
      "info_wrap": "노블리아라이프",
      "region": "부산 동구"
    },
    {
      "image_url": "img/default.png",
      "info_wrap": "리웨딩",
      "region": "제주 제주시"
    },
    {
      "image_url": "img/default.png",
      "info_wrap": "웨딩벨라킴",
      "region": "대구 중구"
    },
    {
      "image_url": "img/default.png",
      "info_wrap": "알렉산드라 부산",
      "region": "부산 수영구"
    },
    {
      "image_url": "img/default.png",
      "info_wrap": "지영순웨딩",
      "region": "대전 서구"
    },
    {
      "image_url": "https://dnna01d8m6k3w.cloudfront.net/partner/202311/20231110/09a8c9c3-9231-480a-b19f-4f3dcddc64f7.jpg",
      "info_wrap": "엔조최재훈",
      "region": "서울 강남구"
    },
    {
      "image_url": "img/default.png",
      "info_wrap": "나란웨딩",
      "region": "광주 동구"
    },
    {
      "image_url": "img/default.png",
      "info_wrap": "엠웨딩컴퍼니",
      "region": "경남 창원시"
    },
    {
      "image_url": "img/default.png",
      "info_wrap": "아시아드웨딩홀",
      "region": "부산 연제구"
    },
    {
      "image_url": "img/default.png",
      "info_wrap": "결혼을만드는사람들",
      "region": "경북 경주시"
    },
    {
      "image_url": "img/default.png",
      "info_wrap": "소유바이채연웨딩",
      "region": "제주 제주시"
    },
    {
      "image_url": "img/default.png",
      "info_wrap": "에스터웨딩스튜디오",
      "region": "부산 해운대구"
    },
    {
      "image_url": "img/default.png",
      "info_wrap": "금강웨딩홀",
      "region": "부산 동래구"
    },
    {
      "image_url": "img/default.png",
      "info_wrap": "장서경아나이스웨딩",
      "region": "경기 수원시"
    },
    {
      "image_url": "img/default.png",
      "info_wrap": "나의사랑나의신부",
      "region": "경기 수원시"
    },
    {
      "image_url": "img/default.png",
      "info_wrap": "코코웨딩샵",
      "region": "광주 동구"
    },
    {
      "image_url": "https://dnna01d8m6k3w.cloudfront.net/partner/202304/20230407/58b18138-9c3f-4df7-85e5-0b539605eefb.jpg",
      "info_wrap": "루비나엘",
      "region": "서울 강남구"
    },
    {
      "image_url": "img/default.png",
      "info_wrap": "원컴퍼니",
      "region": "대구 달성군"
    },
    {
      "image_url": "img/default.png",
      "info_wrap": "줄리아포르담",
      "region": "전북 전주시"
    },
    {
      "image_url": "img/default.png",
      "info_wrap": "모던브라이드",
      "region": "충북 청주시"
    },
    {
      "image_url": "https://dnna01d8m6k3w.cloudfront.net/partner/202305/20230512/f31fac91-f269-42c6-8f9d-962f7e95277c.jpg",
      "info_wrap": "디케웨딩",
      "region": "서울 강남구"
    },
    {
      "image_url": "img/default.png",
      "info_wrap": "블랑마리에",
      "region": "대구 남구"
    },
    {
      "image_url": "https://dnna01d8m6k3w.cloudfront.net/profile/201804/20180426/6fea057a-268a-4c5f-85a5-e7bfe3d2ea0a.jpg",
      "info_wrap": "에고스포사",
      "region": "서울 강남구"
    },
    {
      "image_url": "img/default.png",
      "info_wrap": "웨딩플러스",
      "region": "서울 마포구"
    },
    {
      "image_url": "img/default.png",
      "info_wrap": "송원웨딩파크웨딩샵",
      "region": "강원 강릉시"
    },
    {
      "image_url": "img/default.png",
      "info_wrap": "마로니에웨딩클럽",
      "region": "부산 연제구"
    },
    {
      "image_url": "img/default.png",
      "info_wrap": "웨딩리츠춘천점",
      "region": "강원 춘천시"
    },
    {
      "image_url": "img/default.png",
      "info_wrap": "결혼만들기",
      "region": "충북 충주시"
    },
    {
      "image_url": "img/default.png",
      "info_wrap": "예지원웨딩샵",
      "region": "전남 영광군"
    },
    {
      "image_url": "img/default.png",
      "info_wrap": "웨딩람",
      "region": "인천 남동구"
    },
    {
      "image_url": "img/default.png",
      "info_wrap": "김민경웨딩",
      "region": "대구 중구"
    },
    {
      "image_url": "img/default.png",
      "info_wrap": "결혼예찬",
      "region": "대구 중구"
    },
    {
      "image_url": "img/default.png",
      "info_wrap": "거울과창 원주점",
      "region": "강원 원주시"
    },
    {
      "image_url": "img/default.png",
      "info_wrap": "웨딩그룹",
      "region": "제주 제주시"
    },
    {
      "image_url": "https://dnna01d8m6k3w.cloudfront.net/partner/202303/20230327/c9b4f74d-3c07-4e56-99f6-ebbcd9e9aacc.jpg",
      "info_wrap": "레이첼웨딩",
      "region": "서울 강남구"
    },
    {
      "image_url": "img/default.png",
      "info_wrap": "까리나스포사",
      "region": "대구 중구"
    },
    {
      "image_url": "img/default.png",
      "info_wrap": "브라이드비",
      "region": "대구 중구"
    },
    {
      "image_url": "img/default.png",
      "info_wrap": "레인보우웨딩",
      "region": "경기 부천시"
    },
    {
      "image_url": "img/default.png",
      "info_wrap": "브라이드 by 썬",
      "region": "전북 전주시"
    },
    {
      "image_url": "img/default.png",
      "info_wrap": "노비아웨딩드레스",
      "region": "부산 진구"
    },
    {
      "image_url": "img/default.png",
      "info_wrap": "로아웨딩",
      "region": "대구 중구"
    },
    {
      "image_url": "img/default.png",
      "info_wrap": "쿠잉웨딩",
      "region": "부산 진구"
    },
    {
      "image_url": "img/default.png",
      "info_wrap": "노마웨딩",
      "region": "부산 해운대구"
    },
    {
      "image_url": "img/default.png",
      "info_wrap": "시집가는날",
      "region": "대구 중구"
    },
    {
      "image_url": "img/default.png",
      "info_wrap": "더써드마인드 진주점",
      "region": "경남 진주시"
    },
    {
      "image_url": "https://dnna01d8m6k3w.cloudfront.net/partner/202211/20221125/f1f089b7-bcee-49b1-89a5-253c73227bf6.jpg",
      "info_wrap": "에스메랄다",
      "region": "서울 강남구"
    },
    {
      "image_url": "img/default.png",
      "info_wrap": "㈜광주청담웨딩",
      "region": "광주 동구"
    },
    {
      "image_url": "img/default.png",
      "info_wrap": "헤레이스바이미",
      "region": "광주 서구"
    },
    {
      "image_url": "img/default.png",
      "info_wrap": "HAENULI",
      "region": "대전 유성구"
    },
    {
      "image_url": "img/default.png",
      "info_wrap": "듀메르시",
      "region": "경남 진주시"
    },
    {
      "image_url": "img/default.png",
      "info_wrap": "정경아웨딩스토리",
      "region": "서울 서대문구"
    },
    {
      "image_url": "img/default.png",
      "info_wrap": "청담웨딩&달빛스쿠터",
      "region": "경남 거제시"
    },
    {
      "image_url": "img/default.png",
      "info_wrap": "아야소피아",
      "region": "서울 종로구"
    },
    {
      "image_url": "img/default.png",
      "info_wrap": "앙쥬웨딩뷰티샵",
      "region": "경기 구리시"
    },
    {
      "image_url": "img/default.png",
      "info_wrap": "웨딩마치",
      "region": "강원 강릉시"
    },
    {
      "image_url": "img/default.png",
      "info_wrap": "플로라웨딩",
      "region": "대구 중구"
    },
    {
      "image_url": "img/default.png",
      "info_wrap": "티아라웨딩",
      "region": "경기 안산시"
    },
    {
      "image_url": "img/default.png",
      "info_wrap": "런던필토탈웨딩",
      "region": "서울 종로구"
    },
    {
      "image_url": "img/default.png",
      "info_wrap": "라비드엘",
      "region": "충북 청주시"
    },
    {
      "image_url": "img/default.png",
      "info_wrap": "원규앤노블레스 강릉점",
      "region": "강원 강릉시"
    },
    {
      "image_url": "img/default.png",
      "info_wrap": "쁘띠뜨제이 드레스",
      "region": "대구 수성구"
    },
    {
      "image_url": "img/default.png",
      "info_wrap": "마이웨딩",
      "region": "강원 춘천시"
    },
    {
      "image_url": "img/default.png",
      "info_wrap": "라비엠",
      "region": "충남 천안시"
    },
    {
      "image_url": "img/default.png",
      "info_wrap": "샵마리아쥬",
      "region": "충북 청주시"
    },
    {
      "image_url": "img/default.png",
      "info_wrap": "카라웨딩",
      "region": "부산 금정구"
    },
    {
      "image_url": "img/default.png",
      "info_wrap": "동부건설메리움사업소",
      "region": "부산 진구"
    },
    {
      "image_url": "img/default.png",
      "info_wrap": "우리결혼웨딩카페",
      "region": "인천 남구"
    },
    {
      "image_url": "img/default.png",
      "info_wrap": "I웨딩미용실",
      "region": "경기 광주시"
    },
    {
      "image_url": "img/default.png",
      "info_wrap": "웨딩세라비",
      "region": "광주 남구"
    },
    {
      "image_url": "img/default.png",
      "info_wrap": "국제웨딩",
      "region": "부산 연제구"
    },
    {
      "image_url": "img/default.png",
      "info_wrap": "메종드쟈스민",
      "region": "인천 연수구"
    },
    {
      "image_url": "img/default.png",
      "info_wrap": "루피나",
      "region": "경기 성남시"
    },
    {
      "image_url": "img/default.png",
      "info_wrap": "아뜰리에블랑",
      "region": "경기 부천시"
    },
    {
      "image_url": "img/default.png",
      "info_wrap": "금백웨딩드레스",
      "region": "대구 동구"
    },
    {
      "image_url": "img/default.png",
      "info_wrap": "화이트웨딩",
      "region": "전남 목포시"
    },
    {
      "image_url": "img/default.png",
      "info_wrap": "웨드아일랜드",
      "region": "제주 제주시"
    },
    {
      "image_url": "img/default.png",
      "info_wrap": "드레스샵 부천역지하도상가점",
      "region": "경기 부천시"
    },
    {
      "image_url": "https://dnna01d8m6k3w.cloudfront.net/profile/202011/20201107/07605d77-b650-4815-9e82-1b72a4be418a.jpg",
      "info_wrap": "더뷸라",
      "region": "서울 강남구"
    },
    {
      "image_url": "img/default.png",
      "info_wrap": "에이드블랑",
      "region": "부산 수영구"
    },
    {
      "image_url": "https://dnna01d8m6k3w.cloudfront.net/partner/202310/20231004/31b26ee9-24f4-46f7-8f85-b7c12060f0c1.jpg",
      "info_wrap": "르메르by노비아",
      "region": "서울 강남구"
    },
    {
      "image_url": "https://dnna01d8m6k3w.cloudfront.net/profile/201707/20170716/a0d27b19-aeb6-4fdb-99d6-551fd8eeac32.jpg",
      "info_wrap": "스웰웨딩",
      "region": "경기 성남시"
    },
    {
      "image_url": "img/default.png",
      "info_wrap": "IVY",
      "region": "대전 대덕구"
    },
    {
      "image_url": "img/default.png",
      "info_wrap": "이경자웨딩샵",
      "region": "부산 연제구"
    },
    {
      "image_url": "https://dnna01d8m6k3w.cloudfront.net/partner/202310/20231017/ad5ebee4-2c49-41b1-a1d3-715d23dfd658.jpg",
      "info_wrap": "디유드 라포엠",
      "region": "서울 강남구"
    },
    {
      "image_url": "img/default.png",
      "info_wrap": "아멜리에웨딩",
      "region": "충남 천안시"
    },
    {
      "image_url": "img/default.png",
      "info_wrap": "광주웨딩프라자",
      "region": "광주 서구"
    },
    {
      "image_url": "img/default.png",
      "info_wrap": "소호",
      "region": "제주 제주시"
    },
    {
      "image_url": "img/default.png",
      "info_wrap": "로즈마리",
      "region": "부산 진구"
    },
    {
      "image_url": "img/default.png",
      "info_wrap": "크리웨드",
      "region": "경기 안양시"
    },
    {
      "image_url": "img/default.png",
      "info_wrap": "로제타",
      "region": "경기 수원시"
    },
    {
      "image_url": "img/default.png",
      "info_wrap": "클라라웨딩 광주점",
      "region": "광주 동구"
    },
    {
      "image_url": "img/default.png",
      "info_wrap": "이뎀",
      "region": "서울 마포구"
    },
    {
      "image_url": "img/default.png",
      "info_wrap": "메리앤유",
      "region": "부산 금정구"
    },
    {
      "image_url": "img/default.png",
      "info_wrap": "웨딩갤러리한",
      "region": "대구 중구"
    },
    {
      "image_url": "https://dnna01d8m6k3w.cloudfront.net/partner/202308/20230801/fa69783d-d7a5-4812-8ecb-002e32cb9c97.jpg",
      "info_wrap": "플로렌스",
      "region": "서울 강남구"
    },
    {
      "image_url": "img/default.png",
      "info_wrap": "마를린웨딩",
      "region": "대전 서구"
    },
    {
      "image_url": "img/default.png",
      "info_wrap": "ellen",
      "region": "제주 제주시"
    },
    {
      "image_url": "img/default.png",
      "info_wrap": "웨딩유리구두",
      "region": "인천 남동구"
    },
    {
      "image_url": "img/default.png",
      "info_wrap": "서경에스에프",
      "region": "강원 강릉시"
    },
    {
      "image_url": "img/default.png",
      "info_wrap": "(주)두리컨설팅",
      "region": "인천 중구"
    },
    {
      "image_url": "img/default.png",
      "info_wrap": "메리드엘",
      "region": "서울 종로구"
    },
    {
      "image_url": "https://dnna01d8m6k3w.cloudfront.net/partner/202311/20231102/9b6d5394-1ea3-42f9-8dc2-1b949f2b5458.jpg",
      "info_wrap": "더케네스블랑",
      "region": "서울 강남구"
    },
    {
      "image_url": "https://d2tksqsghodazb.cloudfront.net/event/201612/20161215/f6b50904-81d4-4a03-9289-fe79b8928d35.JPG",
      "info_wrap": "라망스튜디오 전주점",
      "region": "전북 전주시"
    },
    {
      "image_url": "img/default.png",
      "info_wrap": "나인뮤즈스튜디오",
      "region": "충남 천안시"
    },
    {
      "image_url": "https://dnna01d8m6k3w.cloudfront.net/partner/202308/20230803/4e448a6c-e9c0-4d12-9c67-cc3d1437f573.jpg",
      "info_wrap": "브라이드영",
      "region": "서울 강남구"
    },
    {
      "image_url": "img/default.png",
      "info_wrap": "부미아트홀",
      "region": "부산 해운대구"
    },
    {
      "image_url": "img/default.png",
      "info_wrap": "BOM",
      "region": "강원 원주시"
    },
    {
      "image_url": "img/default.png",
      "info_wrap": "김희토탈케어",
      "region": "대구 수성구"
    },
    {
      "image_url": "img/default.png",
      "info_wrap": "나나웨딩드레스",
      "region": "서울 서대문구"
    },
    {
      "image_url": "img/default.png",
      "info_wrap": "웨딩똘레랑스",
      "region": "대구 남구"
    },
    {
      "image_url": "img/default.png",
      "info_wrap": "앨리케이브라이덜뉴욕 인천점",
      "region": "인천 남동구"
    },
    {
      "image_url": "img/default.png",
      "info_wrap": "신원웨딩도매백화점",
      "region": "대구 수성구"
    },
    {
      "image_url": "img/default.png",
      "info_wrap": "드레스팩토리",
      "region": "경기 안양시"
    },
    {
      "image_url": "img/default.png",
      "info_wrap": "디샵",
      "region": "제주 제주시"
    },
    {
      "image_url": "img/default.png",
      "info_wrap": "뉴샤넬드레스",
      "region": "서울 마포구"
    },
    {
      "image_url": "img/default.png",
      "info_wrap": "로브엔웨딩",
      "region": "경기 수원시"
    },
    {
      "image_url": "img/default.png",
      "info_wrap": "듀오웨딩샵",
      "region": "강원 춘천시"
    },
    {
      "image_url": "img/default.png",
      "info_wrap": "금강예식장",
      "region": "부산 동래구"
    },
    {
      "image_url": "https://dnna01d8m6k3w.cloudfront.net/partner/202211/20221117/012340ff-4d26-440d-8e55-564bd48cea6b.jpg",
      "info_wrap": "조슈아벨 브라이덜",
      "region": "서울 강남구"
    },
    {
      "image_url": "img/default.png",
      "info_wrap": "WEDDING라프와",
      "region": "광주 동구"
    },
    {
      "image_url": "img/default.png",
      "info_wrap": "명작웨딩드레스",
      "region": "부산 영도구"
    },
    {
      "image_url": "img/default.png",
      "info_wrap": "갤러리비",
      "region": "서울 강남구"
    },
    {
      "image_url": "img/default.png",
      "info_wrap": "세이브죤웨딩홀",
      "region": "경기 부천시"
    },
    {
      "image_url": "https://dnna01d8m6k3w.cloudfront.net/profile/202306/20230601/115b26eb-8525-410c-bc6e-32af23bdb4b2.jpg",
      "info_wrap": "메이제인 바이김영주",
      "region": "서울 강남구"
    },
    {
      "image_url": "img/default.png",
      "info_wrap": "코네",
      "region": "서울 강남구"
    },
    {
      "image_url": "img/default.png",
      "info_wrap": "블루웨딩",
      "region": "부산 동구"
    },
    {
      "image_url": "img/default.png",
      "info_wrap": "더드레스",
      "region": "인천 남구"
    },
    {
      "image_url": "img/default.png",
      "info_wrap": "라온웨딩카페",
      "region": "인천 남구"
    },
    {
      "image_url": "img/default.png",
      "info_wrap": "오경숙웨딩레스포제",
      "region": "강원 춘천시"
    },
    {
      "image_url": "img/default.png",
      "info_wrap": "clo&u",
      "region": "경기 고양시"
    },
    {
      "image_url": "img/default.png",
      "info_wrap": "라비로즈 NC백화점순천점",
      "region": "전남 순천시"
    },
    {
      "image_url": "img/default.png",
      "info_wrap": "명품웨딩",
      "region": "전남 목포시"
    },
    {
      "image_url": "img/default.png",
      "info_wrap": "믹스미",
      "region": "경기 성남시"
    },
    {
      "image_url": "https://dnna01d8m6k3w.cloudfront.net/partner/202207/20220708/ebcc5e57-0171-415f-82cf-69abf281ca68.jpg",
      "info_wrap": "스텔라드마리에",
      "region": "서울 강남구"
    },
    {
      "image_url": "img/default.png",
      "info_wrap": "세종웨딩드레스",
      "region": "강원 춘천시"
    },
    {
      "image_url": "img/default.png",
      "info_wrap": "로사클라라",
      "region": "대구 중구"
    },
    {
      "image_url": "img/default.png",
      "info_wrap": "레지옹마리에",
      "region": "경북 경산시"
    },
    {
      "image_url": "img/default.png",
      "info_wrap": "브라이드온미 웨딩컨설팅",
      "region": "인천 남동구"
    },
    {
      "image_url": "img/default.png",
      "info_wrap": "이브웨딩",
      "region": "경기 구리시"
    },
    {
      "image_url": "img/default.png",
      "info_wrap": "성은웨딩",
      "region": "부산 서구"
    },
    {
      "image_url": "img/default.png",
      "info_wrap": "루디아드레스",
      "region": "대전 유성구"
    },
    {
      "image_url": "img/default.png",
      "info_wrap": "카라웨딩",
      "region": "경남 통영시"
    },
    {
      "image_url": "img/default.png",
      "info_wrap": "휘가로웨딩",
      "region": "전남 목포시"
    },
    {
      "image_url": "img/default.png",
      "info_wrap": "쉬즈웨딩샵",
      "region": "경북 안동시"
    },
    {
      "image_url": "img/default.png",
      "info_wrap": "멋진하루",
      "region": "전북 정읍시"
    },
    {
      "image_url": "img/default.png",
      "info_wrap": "황실웨딩",
      "region": "광주 동구"
    },
    {
      "image_url": "img/default.png",
      "info_wrap": "티파니웨딩",
      "region": "대구 남구"
    },
    {
      "image_url": "img/default.png",
      "info_wrap": "동주아카데미웨딩",
      "region": "부산 사하구"
    },
    {
      "image_url": "img/default.png",
      "info_wrap": "웨딩쇼핑 신부맘",
      "region": "부산 해운대구"
    },
    {
      "image_url": "img/default.png",
      "info_wrap": "앨리케이브라이덜뉴욕 수원점",
      "region": "경기 수원시"
    },
    {
      "image_url": "img/default.png",
      "info_wrap": "세잔웨딩",
      "region": "울산 남구"
    },
    {
      "image_url": "img/default.png",
      "info_wrap": "벨라마리에",
      "region": "대구 중구"
    },
    {
      "image_url": "img/default.png",
      "info_wrap": "하와웨딩",
      "region": "부산 연제구"
    },
    {
      "image_url": "img/default.png",
      "info_wrap": "리앤테일러",
      "region": "부산 진구"
    },
    {
      "image_url": "img/default.png",
      "info_wrap": "웨딩가례",
      "region": "경북 경주시"
    },
    {
      "image_url": "img/default.png",
      "info_wrap": "오페라송연숙뷰티살롱",
      "region": "대전 서구"
    },
    {
      "image_url": "http://d2inirspb1537h.cloudfront.net/community/201601/20160124/C713E874-A61D-49A3-AB6D-8320A61BDA58-4837-00000A2581E77B00.jpeg",
      "info_wrap": "보니&갤러리B",
      "region": "강원 원주시"
    },
    {
      "image_url": "img/default.png",
      "info_wrap": "JS웨딩",
      "region": "부산 진구"
    },
    {
      "image_url": "img/default.png",
      "info_wrap": "데이즈",
      "region": "대전 중구"
    },
    {
      "image_url": "img/default.png",
      "info_wrap": "드레스모다",
      "region": "서울 서대문구"
    },
    {
      "image_url": "img/default.png",
      "info_wrap": "윤정웨딩스튜디오미용실",
      "region": "대구 동구"
    },
    {
      "image_url": "https://dnna01d8m6k3w.cloudfront.net/partner/202201/20220103/1e29aa52-c0b2-4d3b-99c9-6539f2d025e8.jpg",
      "info_wrap": "로자스포사",
      "region": "서울 강남구"
    },
    {
      "image_url": "img/default.png",
      "info_wrap": "빈티지 밴드",
      "region": "경기 안양시"
    },
    {
      "image_url": "img/default.png",
      "info_wrap": "결만사",
      "region": "대전 중구"
    },
    {
      "image_url": "img/default.png",
      "info_wrap": "라메르웨딩",
      "region": "부산 진구"
    },
    {
      "image_url": "img/default.png",
      "info_wrap": "나나씨",
      "region": "광주 광산구"
    },
    {
      "image_url": "img/default.png",
      "info_wrap": "오데뜨웨딩",
      "region": "경북 구미시"
    },
    {
      "image_url": "img/default.png",
      "info_wrap": "아트리움",
      "region": "전남 순천시"
    },
    {
      "image_url": "img/default.png",
      "info_wrap": "나날",
      "region": "전북 군산시"
    },
    {
      "image_url": "img/default.png",
      "info_wrap": "웨딩퀸",
      "region": "제주 제주시"
    },
    {
      "image_url": "img/default.png",
      "info_wrap": "앨리케이브라이덜뉴욕 부천점",
      "region": "경기 부천시"
    },
    {
      "image_url": "img/default.png",
      "info_wrap": "대전웨딩박람회",
      "region": "대전 동구"
    },
    {
      "image_url": "img/default.png",
      "info_wrap": "디미트리오스웨딩드레스",
      "region": "부산 진구"
    },
    {
      "image_url": "img/default.png",
      "info_wrap": "ONLYWEDDING",
      "region": "부산 수영구"
    },
    {
      "image_url": "img/default.png",
      "info_wrap": "계호남웨딩",
      "region": "경북 영주시"
    },
    {
      "image_url": "img/default.png",
      "info_wrap": "카라웨딩샵",
      "region": "제주 제주시"
    },
    {
      "image_url": "img/default.png",
      "info_wrap": "디유엠웨딩샵",
      "region": "충북 청주시"
    },
    {
      "image_url": "img/default.png",
      "info_wrap": "올리비아웨딩",
      "region": "인천 남동구"
    },
    {
      "image_url": "img/default.png",
      "info_wrap": "교육문화회관웨딩샵",
      "region": "경북 경주시"
    },
    {
      "image_url": "img/default.png",
      "info_wrap": "순수웨딩",
      "region": "대구 수성구"
    },
    {
      "image_url": "img/default.png",
      "info_wrap": "플로리안웨딩",
      "region": "경북 포항시"
    },
    {
      "image_url": "img/default.png",
      "info_wrap": "옥준웨딩",
      "region": "경남 사천시"
    },
    {
      "image_url": "img/default.png",
      "info_wrap": "라이프온웨딩투어",
      "region": "부산 연제구"
    },
    {
      "image_url": "img/default.png",
      "info_wrap": "(주)도원",
      "region": "강원 원주시"
    },
    {
      "image_url": "img/default.png",
      "info_wrap": "마잠드레스",
      "region": "부산 남구"
    },
    {
      "image_url": "img/default.png",
      "info_wrap": "월드웨딩연출스튜디오",
      "region": "경남 진주시"
    },
    {
      "image_url": "img/default.png",
      "info_wrap": "원규앤노블레스",
      "region": "강원 원주시"
    },
    {
      "image_url": "img/default.png",
      "info_wrap": "아름다운 날들",
      "region": "경기 안산시"
    },
    {
      "image_url": "img/default.png",
      "info_wrap": "다알리아",
      "region": "제주 제주시"
    },
    {
      "image_url": "img/default.png",
      "info_wrap": "원석웨딩홀",
      "region": "경북 경주시"
    },
    {
      "image_url": "img/default.png",
      "info_wrap": "신부나라",
      "region": "광주 북구"
    },
    {
      "image_url": "img/default.png",
      "info_wrap": "미진웨딩드레스",
      "region": "부산 진구"
    },
    {
      "image_url": "img/default.png",
      "info_wrap": "브라이덜황",
      "region": "제주 제주시"
    },
    {
      "image_url": "img/default.png",
      "info_wrap": "베아띠드레스",
      "region": "전남 여수시"
    },
    {
      "image_url": "img/default.png",
      "info_wrap": "이명순웨딩드레스대구점",
      "region": "대구 중구"
    },
    {
      "image_url": "img/default.png",
      "info_wrap": "아델리아드레스",
      "region": "경기 수원시"
    },
    {
      "image_url": "img/default.png",
      "info_wrap": "여희선 엔젤뷰티",
      "region": "전북 익산시"
    },
    {
      "image_url": "img/default.png",
      "info_wrap": "로렌웨딩",
      "region": "울산 남구"
    },
    {
      "image_url": "https://dnna01d8m6k3w.cloudfront.net/partner/202209/20220929/1d73bb78-04cf-4ee9-bd2a-ec4dd8fda9cf.jpg",
      "info_wrap": "발레리아스포사",
      "region": "서울 강남구"
    },
    {
      "image_url": "img/default.png",
      "info_wrap": "중앙웨딩",
      "region": "경기 파주시"
    },
    {
      "image_url": "https://d31gm4xoou1wz2.cloudfront.net/review/d201801/d20180113/B0BF0964-C664-4C08-8A72-50D691795C9B-864-0000007B49EB4A7A.jpeg",
      "info_wrap": "스노우화이트웨딩",
      "region": "대전 유성구"
    },
    {
      "image_url": "img/default.png",
      "info_wrap": "스튜디오 좋은날",
      "region": "경기 안산시"
    },
    {
      "image_url": "img/default.png",
      "info_wrap": "하니와준",
      "region": "경기 안양시"
    },
    {
      "image_url": "img/default.png",
      "info_wrap": "스타일비메이크업&드레스 부산점",
      "region": "부산 진구"
    },
    {
      "image_url": "img/default.png",
      "info_wrap": "아델라",
      "region": "충남 천안시"
    },
    {
      "image_url": "img/default.png",
      "info_wrap": "김해옥웨딩",
      "region": "경북 구미시"
    },
    {
      "image_url": "img/default.png",
      "info_wrap": "끌로에베베&메이크업",
      "region": "부산 진구"
    },
    {
      "image_url": "img/default.png",
      "info_wrap": "드보라웨딩",
      "region": "인천 남동구"
    },
    {
      "image_url": "img/default.png",
      "info_wrap": "이브닝웨딩샵",
      "region": "경기 구리시"
    },
    {
      "image_url": "img/default.png",
      "info_wrap": "파티트리",
      "region": "서울 서대문구"
    },
    {
      "image_url": "img/default.png",
      "info_wrap": "함웨딩",
      "region": "강원 춘천시"
    },
    {
      "image_url": "img/default.png",
      "info_wrap": "권혜영웨딩셀렉션",
      "region": "광주 북구"
    },
    {
      "image_url": "img/default.png",
      "info_wrap": "아나이스웨딩",
      "region": "제주 제주시"
    },
    {
      "image_url": "img/default.png",
      "info_wrap": "김수희웨딩",
      "region": "대구 중구"
    },
    {
      "image_url": "img/default.png",
      "info_wrap": "하나로웨딩숍",
      "region": "전북 정읍시"
    },
    {
      "image_url": "https://dnna01d8m6k3w.cloudfront.net/partner/202310/20231031/3b218406-92e6-4a41-ac1c-13e57500d5f5.jpg",
      "info_wrap": "르블랑",
      "region": "서울 강남구"
    },
    {
      "image_url": "img/default.png",
      "info_wrap": "웨딩베아트리체",
      "region": "부산 해운대구"
    },
    {
      "image_url": "img/default.png",
      "info_wrap": "오렌지웨딩",
      "region": "전북 전주시"
    },
    {
      "image_url": "img/default.png",
      "info_wrap": "새하얀웨딩드레스",
      "region": "경기 안성시"
    },
    {
      "image_url": "img/default.png",
      "info_wrap": "엘루이웨딩",
      "region": "충남 천안시"
    },
    {
      "image_url": "img/default.png",
      "info_wrap": "디어웨딩",
      "region": "대구 중구"
    },
    {
      "image_url": "https://dnna01d8m6k3w.cloudfront.net/partner/202310/20231004/747f3641-9abe-4539-a0d7-81c7ea6ceffe.png",
      "info_wrap": "스띨레디허",
      "region": "서울 강남구"
    },
    {
      "image_url": "img/default.png",
      "info_wrap": "갑돌이갑순이잔치날",
      "region": "제주 제주시"
    },
    {
      "image_url": "img/default.png",
      "info_wrap": "소라의상실",
      "region": "제주 제주시"
    },
    {
      "image_url": "img/default.png",
      "info_wrap": "릴리헵번",
      "region": "강원 춘천시"
    },
    {
      "image_url": "img/default.png",
      "info_wrap": "아름뜰드레스",
      "region": "서울 서대문구"
    },
    {
      "image_url": "https://d2inirspb1537h.cloudfront.net/community/d201702/d20170223/40b764f9-40fc-4b5a-a24f-f187bc5ae837a.jpeg",
      "info_wrap": "이승현웨딩",
      "region": "대구 중구"
    },
    {
      "image_url": "img/default.png",
      "info_wrap": "미투",
      "region": "부산 진구"
    },
    {
      "image_url": "img/default.png",
      "info_wrap": "리본앤타이매장",
      "region": "경기 군포시"
    },
    {
      "image_url": "img/default.png",
      "info_wrap": "오수은웨딩",
      "region": "대구 중구"
    },
    {
      "image_url": "img/default.png",
      "info_wrap": "바라별",
      "region": "대전 동구"
    },
    {
      "image_url": "img/default.png",
      "info_wrap": "젠웨딩",
      "region": "대구 중구"
    },
    {
      "image_url": "https://dnna01d8m6k3w.cloudfront.net/partner/202311/20231103/494d89dd-4ed1-48e8-baf5-79bc6b1c6f7d.jpg",
      "info_wrap": "보니타베일리",
      "region": "서울 강남구"
    },
    {
      "image_url": "img/default.png",
      "info_wrap": "웨딩엘가",
      "region": "경기 부천시"
    },
    {
      "image_url": "img/default.png",
      "info_wrap": "웨딩더원",
      "region": "대구 중구"
    },
    {
      "image_url": "https://dnna01d8m6k3w.cloudfront.net/partner/202308/20230817/74376267-7571-4553-b5c1-47478eae98c8.jpg",
      "info_wrap": "렌느브라이덜",
      "region": "서울 강남구"
    },
    {
      "image_url": "img/default.png",
      "info_wrap": "웨딩NEW",
      "region": "대구 중구"
    },
    {
      "image_url": "img/default.png",
      "info_wrap": "오즈",
      "region": "부산 수영구"
    },
    {
      "image_url": "img/default.png",
      "info_wrap": "김도현웨딩",
      "region": "경기 파주시"
    },
    {
      "image_url": "img/default.png",
      "info_wrap": "아모르웨딩",
      "region": "광주 동구"
    },
    {
      "image_url": "img/default.png",
      "info_wrap": "팜웨드",
      "region": "광주 서구"
    },
    {
      "image_url": "img/default.png",
      "info_wrap": "미즈웨딩로즈",
      "region": "경기 이천시"
    },
    {
      "image_url": "img/default.png",
      "info_wrap": "김신동웨딩",
      "region": "울산 남구"
    },
    {
      "image_url": "img/default.png",
      "info_wrap": "샵웨딩",
      "region": "강원 원주시"
    },
    {
      "image_url": "https://dnna01d8m6k3w.cloudfront.net/partner/202311/20231129/d235b733-cb23-4bd5-880a-eaa6d33158da.jpg",
      "info_wrap": "제이스포사",
      "region": "서울 강남구"
    },
    {
      "image_url": "img/default.png",
      "info_wrap": "가나웨딩드레스",
      "region": "서울 마포구"
    },
    {
      "image_url": "img/default.png",
      "info_wrap": "더라르웨딩스튜디오",
      "region": "울산 남구"
    },
    {
      "image_url": "https://dnna01d8m6k3w.cloudfront.net/partner/202302/20230222/78a65403-1615-48ce-8d60-c75a144aed74.jpg",
      "info_wrap": "하우스 오브 에이미",
      "region": "서울 강남구"
    },
    {
      "image_url": "img/default.png",
      "info_wrap": "웨딩앤마벨",
      "region": "부산 해운대구"
    },
    {
      "image_url": "https://dnna01d8m6k3w.cloudfront.net/partner/202310/20231004/b824fcbb-e9b1-407b-a58f-7f58255b49ad.jpg",
      "info_wrap": "비바탐탐",
      "region": "서울 강남구"
    },
    {
      "image_url": "img/default.png",
      "info_wrap": "도나드레스",
      "region": "대구 수성구"
    },
    {
      "image_url": "img/default.png",
      "info_wrap": "수자드레스",
      "region": "전북 군산시"
    },
    {
      "image_url": "img/default.png",
      "info_wrap": "라비엔로즈",
      "region": "서울 강남구"
    },
    {
      "image_url": "img/default.png",
      "info_wrap": "쁘띠웨딩",
      "region": "강원 춘천시"
    },
    {
      "image_url": "img/default.png",
      "info_wrap": "우진웨딩샵",
      "region": "인천 중구"
    },
    {
      "image_url": "img/default.png",
      "info_wrap": "홍루스튜디오",
      "region": "경기 성남시"
    },
    {
      "image_url": "img/default.png",
      "info_wrap": "더디너파티",
      "region": "경북 구미시"
    },
    {
      "image_url": "img/default.png",
      "info_wrap": "마가렛스튜디오",
      "region": "경북 경주시"
    },
    {
      "image_url": "img/default.png",
      "info_wrap": "크리스틴스포사 인천점",
      "region": "인천 남구"
    },
    {
      "image_url": "img/default.png",
      "info_wrap": "이루리디자인연구소 수원",
      "region": "경기 수원시"
    },
    {
      "image_url": "img/default.png",
      "info_wrap": "루이엘웨딩",
      "region": "충북 제천시"
    },
    {
      "image_url": "img/default.png",
      "info_wrap": "르마레웨딩",
      "region": "대구 수성구"
    },
    {
      "image_url": "img/default.png",
      "info_wrap": "WON헤어뷰티샵",
      "region": "경기 파주시"
    },
    {
      "image_url": "https://dnna01d8m6k3w.cloudfront.net/partner/202307/20230719/ce3ba4a9-f6af-46f3-aae9-bb492881210b.jpg",
      "info_wrap": "브라이덜 수지",
      "region": "서울 강남구"
    },
    {
      "image_url": "img/default.png",
      "info_wrap": "웨딩멘트",
      "region": "제주 서귀포시"
    },
    {
      "image_url": "https://dnna01d8m6k3w.cloudfront.net/partner/202310/20231004/dabf8739-1134-4f66-a477-0d242d534365.jpg",
      "info_wrap": "쥬빌리 브라이드",
      "region": "서울 강남구"
    },
    {
      "image_url": "img/default.png",
      "info_wrap": "박소현웨딩",
      "region": "대구 중구"
    },
    {
      "image_url": "img/default.png",
      "info_wrap": "코샤웨딩",
      "region": "서울 마포구"
    },
    {
      "image_url": "img/default.png",
      "info_wrap": "더샵",
      "region": "충북 청주시"
    },
    {
      "image_url": "img/default.png",
      "info_wrap": "신영아웨딩컬렉션",
      "region": "광주 남구"
    },
    {
      "image_url": "img/default.png",
      "info_wrap": "예지웨딩",
      "region": "서울 종로구"
    },
    {
      "image_url": "img/default.png",
      "info_wrap": "김인덕메이크업웨딩",
      "region": "전북 전주시"
    },
    {
      "image_url": "img/default.png",
      "info_wrap": "소근",
      "region": "부산 사상구"
    },
    {
      "image_url": "img/default.png",
      "info_wrap": "아리스토웨딩",
      "region": "충남 천안시"
    },
    {
      "image_url": "img/default.png",
      "info_wrap": "라엘웨딩",
      "region": "전남 광양시"
    },
    {
      "image_url": "img/default.png",
      "info_wrap": "헤이리그리다",
      "region": "경기 파주시"
    },
    {
      "image_url": "https://d2inirspb1537h.cloudfront.net/community/d201703/d20170308/B02A8927-FB4B-453F-8DEF-588883B99BCB-1822-0000030766745E0C.jpeg",
      "info_wrap": "브라이덜 뉴욕",
      "region": "부산 진구"
    },
    {
      "image_url": "img/default.png",
      "info_wrap": "사랑이야기",
      "region": "전남 영암군"
    },
    {
      "image_url": "img/default.png",
      "info_wrap": "띠아모웨딩갤러리",
      "region": "경북 경주시"
    },
    {
      "image_url": "img/default.png",
      "info_wrap": "예작",
      "region": "전북 전주시"
    },
    {
      "image_url": "img/default.png",
      "info_wrap": "라이브웨딩",
      "region": "서울 마포구"
    },
    {
      "image_url": "img/default.png",
      "info_wrap": "마로니에갤러리",
      "region": "세종 조치원읍"
    },
    {
      "image_url": "img/default.png",
      "info_wrap": "피에스타웨딩샵",
      "region": "강원 춘천시"
    },
    {
      "image_url": "https://dnna01d8m6k3w.cloudfront.net/partner/202310/20231017/d31826e2-1432-47eb-ac45-483f4cd5b6f8.jpg",
      "info_wrap": "로브드K",
      "region": "서울 강남구"
    },
    {
      "image_url": "img/default.png",
      "info_wrap": "웨딩리더",
      "region": "충북 청주시"
    },
    {
      "image_url": "https://dnna01d8m6k3w.cloudfront.net/partner/202212/20221220/e6924671-d208-4a07-9c43-f29096ef2fd2.jpg",
      "info_wrap": "이네스이든",
      "region": "서울 강남구"
    },
    {
      "image_url": "img/default.png",
      "info_wrap": "웨딩그리다",
      "region": "대구 달서구"
    },
    {
      "image_url": "img/default.png",
      "info_wrap": "릴리헵번웨딩",
      "region": "강원 춘천시"
    },
    {
      "image_url": "img/default.png",
      "info_wrap": "아이린스튜디오",
      "region": "충북 제천시"
    },
    {
      "image_url": "img/default.png",
      "info_wrap": "성드레스",
      "region": "대전 서구"
    },
    {
      "image_url": "img/default.png",
      "info_wrap": "제이웨딩",
      "region": "경북 경주시"
    },
    {
      "image_url": "img/default.png",
      "info_wrap": "마지오 드레스",
      "region": "광주 북구"
    },
    {
      "image_url": "img/default.png",
      "info_wrap": "웨딩아오라",
      "region": "대구 달서구"
    },
    {
      "image_url": "img/default.png",
      "info_wrap": "한마음웨딩",
      "region": "대구 남구"
    },
    {
      "image_url": "img/default.png",
      "info_wrap": "더웨딩샵그리다",
      "region": "강원 원주시"
    },
    {
      "image_url": "https://dnna01d8m6k3w.cloudfront.net/partner/202306/20230607/162ed19d-d6bc-435f-9c9d-7fdd1d4586f8.jpg",
      "info_wrap": "벨에포크",
      "region": "서울 강남구"
    },
    {
      "image_url": "img/default.png",
      "info_wrap": "엔오대구지점",
      "region": "대구 남구"
    },
    {
      "image_url": "img/default.png",
      "info_wrap": "드레스나라 아델리아",
      "region": "경기 화성시"
    },
    {
      "image_url": "img/default.png",
      "info_wrap": "바이올렛",
      "region": "강원 춘천시"
    },
    {
      "image_url": "img/default.png",
      "info_wrap": "모노웨딩스튜디오",
      "region": "경북 경주시"
    },
    {
      "image_url": "img/default.png",
      "info_wrap": "윤정인웨딩",
      "region": "울산 남구"
    },
    {
      "image_url": "img/default.png",
      "info_wrap": "아트웨딩",
      "region": "인천 부평구"
    },
    {
      "image_url": "img/default.png",
      "info_wrap": "동감스튜디오 원주점",
      "region": "강원 원주시"
    },
    {
      "image_url": "img/default.png",
      "info_wrap": "엔블레스유",
      "region": "경기 고양시"
    },
    {
      "image_url": "img/default.png",
      "info_wrap": "미도리웨딩드레스",
      "region": "강원 원주시"
    },
    {
      "image_url": "img/default.png",
      "info_wrap": "빛그림웨딩숍",
      "region": "대구 중구"
    },
    {
      "image_url": "img/default.png",
      "info_wrap": "백설공주",
      "region": "충북 청주시"
    },
    {
      "image_url": "img/default.png",
      "info_wrap": "나원웨딩",
      "region": "대구 중구"
    },
    {
      "image_url": "img/default.png",
      "info_wrap": "디어브라이드",
      "region": "충남 천안시"
    },
    {
      "image_url": "img/default.png",
      "info_wrap": "오비도스웨딩",
      "region": "서울 강남구"
    },
    {
      "image_url": "img/default.png",
      "info_wrap": "웨딩뱅크",
      "region": "대구 북구"
    },
    {
      "image_url": "img/default.png",
      "info_wrap": "웨딩21",
      "region": "제주 제주시"
    },
    {
      "image_url": "img/default.png",
      "info_wrap": "이명순웨딩드레스 부산점",
      "region": "부산 해운대구"
    },
    {
      "image_url": "img/default.png",
      "info_wrap": "드레수애",
      "region": "부산 수영구"
    },
    {
      "image_url": "img/default.png",
      "info_wrap": "조은날뷰티샵",
      "region": "경기 이천시"
    },
    {
      "image_url": "https://d2tksqsghodazb.cloudfront.net/event/201612/20161207/8db9a5d5-48e9-4fe4-97a8-3afe1e81c9be.jpg",
      "info_wrap": "브라이드거울과창",
      "region": "대구 북구"
    },
    {
      "image_url": "img/default.png",
      "info_wrap": "제이메이크업갤러리",
      "region": "부산 북구"
    },
    {
      "image_url": "img/default.png",
      "info_wrap": "라 마리힌",
      "region": "강원 원주시"
    },
    {
      "image_url": "img/default.png",
      "info_wrap": "안나미웨딩",
      "region": "경북 구미시"
    },
    {
      "image_url": "img/default.png",
      "info_wrap": "스튜디오로제",
      "region": "경기 안산시"
    },
    {
      "image_url": "img/default.png",
      "info_wrap": "브라이드바이수",
      "region": "전남 순천시"
    },
    {
      "image_url": "img/default.png",
      "info_wrap": "마뜨리웨딩",
      "region": "전남 나주시"
    },
    {
      "image_url": "img/default.png",
      "info_wrap": "제이앤제이에끌레르",
      "region": "경기 과천시"
    },
    {
      "image_url": "img/default.png",
      "info_wrap": "브라이덜웨딩",
      "region": "대구 중구"
    },
    {
      "image_url": "img/default.png",
      "info_wrap": "웨딩메이드",
      "region": "광주 서구"
    },
    {
      "image_url": "img/default.png",
      "info_wrap": "GM클럽",
      "region": "부산 연제구"
    },
    {
      "image_url": "img/default.png",
      "info_wrap": "miya dress",
      "region": "광주 동구"
    },
    {
      "image_url": "img/default.png",
      "info_wrap": "엘로이즈웨딩",
      "region": "광주 동구"
    },
    {
      "image_url": "img/default.png",
      "info_wrap": "아카페클럽",
      "region": "대구 남구"
    },
    {
      "image_url": "img/default.png",
      "info_wrap": "새하얀집",
      "region": "서울 종로구"
    },
    {
      "image_url": "img/default.png",
      "info_wrap": "시론웨딩샵",
      "region": "경기 평택시"
    },
    {
      "image_url": "img/default.png",
      "info_wrap": "가고파의상실",
      "region": "강원 삼척시"
    },
    {
      "image_url": "img/default.png",
      "info_wrap": "이송빈웨딩",
      "region": "대구 중구"
    },
    {
      "image_url": "https://dnna01d8m6k3w.cloudfront.net/partner/202305/20230518/952e4660-e56d-4148-b1a4-b6a1a1c9da8f.jpg",
      "info_wrap": "비비드블랑",
      "region": "서울 강남구"
    },
    {
      "image_url": "https://d2inirspb1537h.cloudfront.net/community/d201612/d20161213/DC29DAE2-1385-412A-B5D1-EAD072190DBF-1155-000000FAE8E3DB34.jpeg",
      "info_wrap": "웨딩티아라",
      "region": "울산 남구"
    },
    {
      "image_url": "img/default.png",
      "info_wrap": "GWF광주웨딩박람회",
      "region": "광주 남구"
    }
  ]
}
