{
  "users": [
    {
      "image_url": "https://d31gm4xoou1wz2.cloudfront.net/review/d201708/d20170814/3e6c4bf2-e325-4c75-a2f7-4b68136d09bea.jpeg",
      "info_wrap": "라쿠미메이크업",
      "region": "서울 강남구"
    },
    {
      "image_url": "img/default.png",
      "info_wrap": "디샵",
      "region": "제주 제주시"
    },
    {
      "image_url": "img/default.png",
      "info_wrap": "끌로엔느웨딩",
      "region": "대구 중구"
    },
    {
      "image_url": "img/default.png",
      "info_wrap": "김활란뮤제네프 파크하얏트부산점",
      "region": "부산 해운대구"
    },
    {
      "image_url": "https://d31gm4xoou1wz2.cloudfront.net/community/d201710/d20171015/4BA3D1CA-04B0-46A8-8391-9F4E8230304B-11113-00000C46E3F9BE7E.jpeg",
      "info_wrap": "에이바이봄",
      "region": "서울 강남구"
    },
    {
      "image_url": "img/default.png",
      "info_wrap": "유엠스포사 대전점",
      "region": "대전 유성구"
    },
    {
      "image_url": "http://d2tksqsghodazb.cloudfront.net/profile/201611/20161117/ea8f8295-5e49-4b66-8c61-88af006a73f0.jpeg",
      "info_wrap": "뷰티레이 by 라주아",
      "region": "서울 서초구"
    },
    {
      "image_url": "https://dnna01d8m6k3w.cloudfront.net/profile/202006/20200618/e013e027-4609-4b41-a378-dc02f22703db.jpg",
      "info_wrap": "정샘물 청담 이스트",
      "region": "서울 강남구"
    },
    {
      "image_url": "img/default.png",
      "info_wrap": "쉬즈웨딩샵",
      "region": "경북 안동시"
    },
    {
      "image_url": "img/default.png",
      "info_wrap": "한미모메이크업",
      "region": "인천 서구"
    },
    {
      "image_url": "img/default.png",
      "info_wrap": "두사람웨딩 부산센터",
      "region": "부산 동구"
    },
    {
      "image_url": "img/default.png",
      "info_wrap": "라망스튜디오 동해삼척점",
      "region": "강원 동해시"
    },
    {
      "image_url": "https://dnna01d8m6k3w.cloudfront.net/profile/202003/20200312/06875fc4-08c0-433e-b8f7-1e5cc46f7a98.jpg",
      "info_wrap": "오테르 청담",
      "region": "서울 강남구"
    },
    {
      "image_url": "img/default.png",
      "info_wrap": "L Beauty",
      "region": "부산 동래구"
    },
    {
      "image_url": "img/default.png",
      "info_wrap": "임영심더하우스오브뷰티",
      "region": "서울 강남구"
    },
    {
      "image_url": "https://dnna01d8m6k3w.cloudfront.net/profile/202011/20201104/e710c9e4-add0-417a-93c7-a2d5e6c37e44.jpg",
      "info_wrap": "알루 청담점",
      "region": "서울 강남구"
    },
    {
      "image_url": "img/default.png",
      "info_wrap": "살롱드누에보",
      "region": "서울 강남구"
    },
    {
      "image_url": "img/default.png",
      "info_wrap": "작은차이 웨딩",
      "region": "서울 강남구"
    },
    {
      "image_url": "img/default.png",
      "info_wrap": "더메이크업",
      "region": "경기 고양시"
    },
    {
      "image_url": "img/default.png",
      "info_wrap": "미즈노블메이크업 용인점",
      "region": "경기 용인시"
    },
    {
      "image_url": "img/default.png",
      "info_wrap": "데일리하우스",
      "region": "울산 중구"
    },
    {
      "image_url": "img/default.png",
      "info_wrap": "마창출장메이크업",
      "region": "경남 창원시"
    },
    {
      "image_url": "img/default.png",
      "info_wrap": "성북동 다미인",
      "region": "서울 성북구"
    },
    {
      "image_url": "img/default.png",
      "info_wrap": "하나로헤어클럽웨딩",
      "region": "경북 구미시"
    },
    {
      "image_url": "img/default.png",
      "info_wrap": "뮤사이 1st점",
      "region": "서울 강남구"
    },
    {
      "image_url": "img/default.png",
      "info_wrap": "엔젤미의원",
      "region": "서울 강남구"
    },
    {
      "image_url": "img/default.png",
      "info_wrap": "순수 홍대점",
      "region": "서울 마포구"
    },
    {
      "image_url": "img/default.png",
      "info_wrap": "올바른웨딩컨설팅",
      "region": "광주 동구"
    },
    {
      "image_url": "img/default.png",
      "info_wrap": "에리카메이크업 스튜디오",
      "region": "대구 중구"
    },
    {
      "image_url": "img/default.png",
      "info_wrap": "지안 뷰티샵",
      "region": "서울 강남구"
    },
    {
      "image_url": "img/default.png",
      "info_wrap": "하나메이크업",
      "region": "부산 남구"
    },
    {
      "image_url": "https://d2inirspb1537h.cloudfront.net/community/d201612/d20161205/b46e54df-4550-4ad5-baf2-d4a34c7e90caa.jpeg",
      "info_wrap": "광주시웨딩협동조합",
      "region": "광주 동구"
    },
    {
      "image_url": "img/default.png",
      "info_wrap": "호반웨딩숍",
      "region": "강원 춘천시"
    },
    {
      "image_url": "img/default.png",
      "info_wrap": "메이크업데일리",
      "region": "경북 포항시"
    },
    {
      "image_url": "img/default.png",
      "info_wrap": "메이크업1번가",
      "region": "광주 동구"
    },
    {
      "image_url": "img/default.png",
      "info_wrap": "플로라바이이정화",
      "region": "서울 서초구"
    },
    {
      "image_url": "img/default.png",
      "info_wrap": "메이크업붐",
      "region": "광주 북구"
    },
    {
      "image_url": "img/default.png",
      "info_wrap": "라벨라마노",
      "region": "대구 달성군"
    },
    {
      "image_url": "img/default.png",
      "info_wrap": "W뷰티포레 부산역점",
      "region": "부산 동구"
    },
    {
      "image_url": "img/default.png",
      "info_wrap": "지유",
      "region": "서울 강남구"
    },
    {
      "image_url": "img/default.png",
      "info_wrap": "란헤어메이크업",
      "region": "서울 마포구"
    },
    {
      "image_url": "img/default.png",
      "info_wrap": "진메이크업",
      "region": "서울 강남구"
    },
    {
      "image_url": "img/default.png",
      "info_wrap": "메이크업미미",
      "region": "경남 거제시"
    },
    {
      "image_url": "img/default.png",
      "info_wrap": "연희메이크업",
      "region": "부산 진구"
    },
    {
      "image_url": "img/default.png",
      "info_wrap": "메이크오버",
      "region": "부산 남구"
    },
    {
      "image_url": "img/default.png",
      "info_wrap": "메컵주치의",
      "region": "서울 강남구"
    },
    {
      "image_url": "img/default.png",
      "info_wrap": "아우라메이크업",
      "region": "경기 파주시"
    },
    {
      "image_url": "img/default.png",
      "info_wrap": "카라 웨딩&메이크업",
      "region": "경기 부천시"
    },
    {
      "image_url": "img/default.png",
      "info_wrap": "아이리스피부미용학원",
      "region": "경기 하남시"
    },
    {
      "image_url": "img/default.png",
      "info_wrap": "송영숙모던헤어",
      "region": "서울 강남구"
    },
    {
      "image_url": "img/default.png",
      "info_wrap": "블랑마리에",
      "region": "대구 남구"
    },
    {
      "image_url": "img/default.png",
      "info_wrap": "헤리페리",
      "region": "서울 강남구"
    },
    {
      "image_url": "https://d2inirspb1537h.cloudfront.net/community/d201703/d20170327/EC5300CD-65CE-4D76-9FBB-75493A4AEA93-27039-00001CBB931EA1A9.jpeg",
      "info_wrap": "티아라 바이 박은경",
      "region": "서울 강남구"
    },
    {
      "image_url": "img/default.png",
      "info_wrap": "박경선메이크업",
      "region": "충남 천안시"
    },
    {
      "image_url": "img/default.png",
      "info_wrap": "웨딩폼",
      "region": "전북 군산시"
    },
    {
      "image_url": "img/default.png",
      "info_wrap": "지젤라뷰티",
      "region": "서울 마포구"
    },
    {
      "image_url": "https://dnna01d8m6k3w.cloudfront.net/profile/201907/20190724/2f9f0ad9-bfbc-4821-97ab-33bf92c65ebb.jpg",
      "info_wrap": "JOY187 본점",
      "region": "서울 강남구"
    },
    {
      "image_url": "https://d2inirspb1537h.cloudfront.net/community/d201610/d20161013/6DBCB9FA-2B82-4B26-BF36-91CC70C83EDF-4421-0000085B33C9DB6B.jpeg",
      "info_wrap": "순수 설레임점",
      "region": "서울 강남구"
    },
    {
      "image_url": "img/default.png",
      "info_wrap": "종로아름다운사람들 미용학원",
      "region": "서울 종로구"
    },
    {
      "image_url": "img/default.png",
      "info_wrap": "메이크미",
      "region": "서울 강동구"
    },
    {
      "image_url": "img/default.png",
      "info_wrap": "웨딩디아뜨",
      "region": "충남 천안시"
    },
    {
      "image_url": "img/default.png",
      "info_wrap": "다미가 메이크업",
      "region": "서울 강남구"
    },
    {
      "image_url": "https://dnna01d8m6k3w.cloudfront.net/partner/202308/20230828/d8d2a1ec-ca0b-4f63-a5e8-b4273103b70e.jpg",
      "info_wrap": "청담러비",
      "region": "서울 강남구"
    },
    {
      "image_url": "img/default.png",
      "info_wrap": "순수",
      "region": "서울 강남구"
    },
    {
      "image_url": "img/default.png",
      "info_wrap": "제이마인드",
      "region": "서울 강남구"
    },
    {
      "image_url": "img/default.png",
      "info_wrap": "부산달빛스쿠터스튜디오",
      "region": "부산 해운대구"
    },
    {
      "image_url": "img/default.png",
      "info_wrap": "M&W by민영",
      "region": "서울 강남구"
    },
    {
      "image_url": "https://s3.ap-northeast-2.amazonaws.com/seoul-wbookapp-prd/community/d201705/d20170528/1452860C-D6C6-45D8-B047-C422D306141C-20504-00001DE92BC608AD.jpeg",
      "info_wrap": "엔끌로에",
      "region": "서울 강남구"
    },
    {
      "image_url": "img/default.png",
      "info_wrap": "ARTESANO",
      "region": "서울 강남구"
    },
    {
      "image_url": "img/default.png",
      "info_wrap": "제이블러썸",
      "region": "경북 포항시"
    },
    {
      "image_url": "img/default.png",
      "info_wrap": "22번가헤어",
      "region": "대전 유성구"
    },
    {
      "image_url": "img/default.png",
      "info_wrap": "이경민포레 홍대점",
      "region": "서울 마포구"
    },
    {
      "image_url": "img/default.png",
      "info_wrap": "매료미장",
      "region": "서울 강남구"
    },
    {
      "image_url": "img/default.png",
      "info_wrap": "W 퓨리피",
      "region": "서울 강남구"
    },
    {
      "image_url": "img/default.png",
      "info_wrap": "디아웨딩",
      "region": "서울 영등포구"
    },
    {
      "image_url": "https://s3.ap-northeast-2.amazonaws.com/seoul-wbookapp-prd/community/d201705/d20170511/e2d622bb-364c-4312-94ff-104b3cdfd921a.jpeg",
      "info_wrap": "김청경헤어페이스",
      "region": "서울 강남구"
    },
    {
      "image_url": "img/default.png",
      "info_wrap": "라붐더하우스",
      "region": "경남 김해시"
    },
    {
      "image_url": "img/default.png",
      "info_wrap": "메리제이웨딩",
      "region": "대구 중구"
    },
    {
      "image_url": "img/default.png",
      "info_wrap": "솔메이크업",
      "region": "서울 광진구"
    },
    {
      "image_url": "img/default.png",
      "info_wrap": "메이크업바이지",
      "region": "강원 원주시"
    },
    {
      "image_url": "https://dnna01d8m6k3w.cloudfront.net/partner/202311/20231115/63305dc4-f3e9-42ea-8e5f-9ac55a4d0ac1.jpg",
      "info_wrap": "위스도산",
      "region": "-"
    },
    {
      "image_url": "img/default.png",
      "info_wrap": "리아웨딩",
      "region": "대구 중구"
    },
    {
      "image_url": "https://dnna01d8m6k3w.cloudfront.net/partner/202307/20230717/d8ac76c3-5e0b-400a-8fbc-dd79d4e1e0a7.jpg",
      "info_wrap": "김활란 뮤제네프",
      "region": "서울 강남구"
    },
    {
      "image_url": "https://dnna01d8m6k3w.cloudfront.net/partner/202309/20230912/2de2b2b5-ad20-4564-8b79-b9e514c7833c.jpg",
      "info_wrap": "꾸띠원(cutee.one)",
      "region": "서울 강남구"
    },
    {
      "image_url": "img/default.png",
      "info_wrap": "서정웨딩",
      "region": "경남 거제시"
    },
    {
      "image_url": "img/default.png",
      "info_wrap": "앤즈헤어 바이레이",
      "region": "서울 강남구"
    },
    {
      "image_url": "img/default.png",
      "info_wrap": "행복한신부",
      "region": "경북 구미시"
    },
    {
      "image_url": "img/default.png",
      "info_wrap": "라라메이크업",
      "region": "광주 서구"
    },
    {
      "image_url": "img/default.png",
      "info_wrap": "정샘물 에비뉴엘점",
      "region": "서울 중구"
    },
    {
      "image_url": "img/default.png",
      "info_wrap": "정말예쁘다 by 라비에벨",
      "region": "전남 순천시"
    },
    {
      "image_url": "img/default.png",
      "info_wrap": "리클래식스튜디오",
      "region": "충북 충주시"
    },
    {
      "image_url": "img/default.png",
      "info_wrap": "우리동네사진관 종로점",
      "region": "서울 종로구"
    },
    {
      "image_url": "img/default.png",
      "info_wrap": "THE Make Up",
      "region": "대구 중구"
    },
    {
      "image_url": "img/default.png",
      "info_wrap": "루비다살롱",
      "region": "서울 강남구"
    },
    {
      "image_url": "img/default.png",
      "info_wrap": "라비쌍뜨메이크업",
      "region": "대전 서구"
    },
    {
      "image_url": "https://dnna01d8m6k3w.cloudfront.net/partner/202303/20230317/8a692ca9-32f3-45bd-a23d-2f191dad8b1b.jpg",
      "info_wrap": "희원",
      "region": "서울 강남구"
    },
    {
      "image_url": "img/default.png",
      "info_wrap": "그린나래호텔 웨딩&뷔페",
      "region": "부산 해운대구"
    },
    {
      "image_url": "img/default.png",
      "info_wrap": "업스타일닷컴",
      "region": "서울 강남구"
    },
    {
      "image_url": "https://dnna01d8m6k3w.cloudfront.net/partner/202304/20230420/543f5706-96fb-4eb1-8ac5-3d6af12cab6b.jpg",
      "info_wrap": "앤드뮤",
      "region": "서울 강남구"
    },
    {
      "image_url": "img/default.png",
      "info_wrap": "작은차이뷰티살롱",
      "region": "서울 강남구"
    },
    {
      "image_url": "img/default.png",
      "info_wrap": "eN메이크업",
      "region": "제주 제주시"
    },
    {
      "image_url": "img/default.png",
      "info_wrap": "포엠웨딩",
      "region": "대전 서구"
    },
    {
      "image_url": "img/default.png",
      "info_wrap": "라에코뷰티",
      "region": "서울 강남구"
    },
    {
      "image_url": "img/default.png",
      "info_wrap": "이경민포레 신세계본점",
      "region": "서울 중구"
    },
    {
      "image_url": "img/default.png",
      "info_wrap": "클라라웨딩",
      "region": "대구 중구"
    },
    {
      "image_url": "img/default.png",
      "info_wrap": "MBC아카데미뷰티스쿨 아산캠퍼스",
      "region": "충남 아산시"
    },
    {
      "image_url": "img/default.png",
      "info_wrap": "프라임헤어앤웨딩",
      "region": "경기 수원시"
    },
    {
      "image_url": "img/default.png",
      "info_wrap": "아트레 메이크업 스튜디오",
      "region": "서울 서대문구"
    },
    {
      "image_url": "img/default.png",
      "info_wrap": "오렌지웨딩",
      "region": "전북 전주시"
    },
    {
      "image_url": "img/default.png",
      "info_wrap": "정운뷰티공감",
      "region": "서울 강남구"
    },
    {
      "image_url": "img/default.png",
      "info_wrap": "멋진하루메이크업",
      "region": "서울 강남구"
    },
    {
      "image_url": "img/default.png",
      "info_wrap": "수아라뷰티샵",
      "region": "경기 수원시"
    },
    {
      "image_url": "img/default.png",
      "info_wrap": "희엘",
      "region": "-"
    },
    {
      "image_url": "img/default.png",
      "info_wrap": "엠웨딩컴퍼니",
      "region": "경남 창원시"
    },
    {
      "image_url": "img/default.png",
      "info_wrap": "단메이크업",
      "region": "경남 김해시"
    },
    {
      "image_url": "img/default.png",
      "info_wrap": "웨디안 웨딩앤컨설팅",
      "region": "광주 동구"
    },
    {
      "image_url": "http://d2inirspb1537h.cloudfront.net/community/201603/20160325/4260F9D3-8512-4108-8242-CDD596B325C0-642-000000D876C8EDB4.jpeg",
      "info_wrap": "에이컨셉",
      "region": "서울 강남구"
    },
    {
      "image_url": "img/default.png",
      "info_wrap": "에뜨르넬",
      "region": "서울 용산구"
    },
    {
      "image_url": "img/default.png",
      "info_wrap": "에스제이뷰티",
      "region": "서울 관악구"
    },
    {
      "image_url": "https://dnna01d8m6k3w.cloudfront.net/partner/202310/20231010/227020c0-1c5a-4bc4-9c04-6fe5a438daea.jpg",
      "info_wrap": "헤움",
      "region": "서울 강남구"
    },
    {
      "image_url": "img/default.png",
      "info_wrap": "젬마헤어&메이크업",
      "region": "경기 구리시"
    },
    {
      "image_url": "img/default.png",
      "info_wrap": "브라이덜 뉴욕",
      "region": "부산 진구"
    },
    {
      "image_url": "img/default.png",
      "info_wrap": "르마노메이크업",
      "region": "서울 강남구"
    },
    {
      "image_url": "img/default.png",
      "info_wrap": "클라라웨딩토탈샵",
      "region": "전북 군산시"
    },
    {
      "image_url": "img/default.png",
      "info_wrap": "강한나메이크업",
      "region": "경기 고양시"
    },
    {
      "image_url": "img/default.png",
      "info_wrap": "이지희메이크업",
      "region": "충남 천안시"
    },
    {
      "image_url": "img/default.png",
      "info_wrap": "황윤미메이크업",
      "region": "전남 목포시"
    },
    {
      "image_url": "img/default.png",
      "info_wrap": "뷰티아리아갤러리",
      "region": "부산 진구"
    },
    {
      "image_url": "img/default.png",
      "info_wrap": "에스티청담",
      "region": "부산 수영구"
    },
    {
      "image_url": "img/default.png",
      "info_wrap": "메이크업하우스 대전유성구점",
      "region": "대전 유성구"
    },
    {
      "image_url": "img/default.png",
      "info_wrap": "라망웨딩샵",
      "region": "대구 달서구"
    },
    {
      "image_url": "img/default.png",
      "info_wrap": "엘라인뷰티",
      "region": "서울 강남구"
    },
    {
      "image_url": "img/default.png",
      "info_wrap": "에스킴프로페셔널뷰티",
      "region": "서울 서초구"
    },
    {
      "image_url": "img/default.png",
      "info_wrap": "웨딩그룹정일품",
      "region": "대전 중구"
    },
    {
      "image_url": "img/default.png",
      "info_wrap": "착한메이크업",
      "region": "대구 중구"
    },
    {
      "image_url": "img/default.png",
      "info_wrap": "곱디고운머리방웨딩",
      "region": "충북 충주시"
    },
    {
      "image_url": "img/default.png",
      "info_wrap": "브라이드거울과창",
      "region": "대구 북구"
    },
    {
      "image_url": "img/default.png",
      "info_wrap": "박준뷰티랩 청담본점",
      "region": "서울 강남구"
    },
    {
      "image_url": "https://d31gm4xoou1wz2.cloudfront.net/review/d201709/d20170915/bc0cef6d-8fd8-469f-83b0-42328e1421b8a.jpeg",
      "info_wrap": "디희원",
      "region": "서울 강남구"
    },
    {
      "image_url": "img/default.png",
      "info_wrap": "라뷰티코아 신촌점",
      "region": "서울 서대문구"
    },
    {
      "image_url": "img/default.png",
      "info_wrap": "조앤로 메이크업",
      "region": "서울 중랑구"
    },
    {
      "image_url": "img/default.png",
      "info_wrap": "더페이스샵 신촌점",
      "region": "서울 서대문구"
    },
    {
      "image_url": "img/default.png",
      "info_wrap": "rue710",
      "region": "서울 강남구"
    },
    {
      "image_url": "img/default.png",
      "info_wrap": "이경민포레 부산점",
      "region": "부산 해운대구"
    },
    {
      "image_url": "img/default.png",
      "info_wrap": "메쉬미용학원",
      "region": "전북 전주시"
    },
    {
      "image_url": "img/default.png",
      "info_wrap": "솔방울살롱",
      "region": "서울 마포구"
    },
    {
      "image_url": "img/default.png",
      "info_wrap": "하루메이크업샵",
      "region": "울산 중구"
    },
    {
      "image_url": "https://s3.ap-northeast-2.amazonaws.com/seoul-wbookapp-prd/community/d201705/d20170505/9bc75770-c07f-4a9f-830b-81e7d011886ca.jpeg",
      "info_wrap": "에스휴",
      "region": "서울 강남구"
    },
    {
      "image_url": "img/default.png",
      "info_wrap": "엣지",
      "region": "대구 동구"
    },
    {
      "image_url": "img/default.png",
      "info_wrap": "뷰티하우스 봄봄",
      "region": "서울 강남구"
    },
    {
      "image_url": "img/default.png",
      "info_wrap": "수라메이크업",
      "region": "충남 천안시"
    },
    {
      "image_url": "img/default.png",
      "info_wrap": "드림페이지",
      "region": "서울 강남구"
    },
    {
      "image_url": "img/default.png",
      "info_wrap": "차홍아르더 청담점",
      "region": "서울 강남구"
    },
    {
      "image_url": "img/default.png",
      "info_wrap": "바비스토리 메이크업 룸",
      "region": "서울 강남구"
    },
    {
      "image_url": "img/default.png",
      "info_wrap": "조현경메이크업포유",
      "region": "충남 천안시"
    },
    {
      "image_url": "img/default.png",
      "info_wrap": "라엘메이크업샵",
      "region": "광주 동구"
    },
    {
      "image_url": "img/default.png",
      "info_wrap": "더페이스샵 경남함양점",
      "region": "경남 함양군"
    },
    {
      "image_url": "img/default.png",
      "info_wrap": "스타일비 메이크업&드레스",
      "region": "경남 창원시"
    },
    {
      "image_url": "img/default.png",
      "info_wrap": "라블란체",
      "region": "서울 중구"
    },
    {
      "image_url": "img/default.png",
      "info_wrap": "최윤화메이크업",
      "region": "대전 유성구"
    },
    {
      "image_url": "img/default.png",
      "info_wrap": "명성 스튜디오",
      "region": "강원 원주시"
    },
    {
      "image_url": "img/default.png",
      "info_wrap": "라엘웨딩",
      "region": "전남 광양시"
    },
    {
      "image_url": "img/default.png",
      "info_wrap": "래미안헤어",
      "region": "세종 한솔동"
    },
    {
      "image_url": "img/default.png",
      "info_wrap": "녹다메이크업",
      "region": "광주 동구"
    },
    {
      "image_url": "https://d2inirspb1537h.cloudfront.net/community/d201701/d20170114/6B157104-694D-4CFD-90BC-C5F6B473CAE1-5617-000004A2FA36EA9D.jpeg",
      "info_wrap": "겐그레아",
      "region": "서울 강남구"
    },
    {
      "image_url": "img/default.png",
      "info_wrap": "로싸헤어",
      "region": "대전 서구"
    },
    {
      "image_url": "img/default.png",
      "info_wrap": "김미숙헤어아트존",
      "region": "대전 유성구"
    },
    {
      "image_url": "img/default.png",
      "info_wrap": "헤어뉴스 더 레드",
      "region": "서울 용산구"
    },
    {
      "image_url": "img/default.png",
      "info_wrap": "이희 헤어",
      "region": "서울 강남구"
    },
    {
      "image_url": "img/default.png",
      "info_wrap": "아나뷰티",
      "region": "서울 강남구"
    },
    {
      "image_url": "img/default.png",
      "info_wrap": "영빈관웨딩홀",
      "region": "부산 남구"
    },
    {
      "image_url": "img/default.png",
      "info_wrap": "슈메이크업",
      "region": "광주 서구"
    },
    {
      "image_url": "img/default.png",
      "info_wrap": "라엔뜨레",
      "region": "서울 강남구"
    },
    {
      "image_url": "img/default.png",
      "info_wrap": "코코메이크업",
      "region": "강원 원주시"
    },
    {
      "image_url": "img/default.png",
      "info_wrap": "서영플러스메이크업",
      "region": "대전 서구"
    },
    {
      "image_url": "img/default.png",
      "info_wrap": "기분전환메이크업",
      "region": "서울 강북구"
    },
    {
      "image_url": "img/default.png",
      "info_wrap": "위드제이오제이",
      "region": "서울 영등포구"
    },
    {
      "image_url": "img/default.png",
      "info_wrap": "U메이크업",
      "region": "서울 마포구"
    },
    {
      "image_url": "img/default.png",
      "info_wrap": "스타웨딩샵",
      "region": "경북 경산시"
    },
    {
      "image_url": "https://dnna01d8m6k3w.cloudfront.net/profile/202103/20210310/801c8627-5293-4f46-be40-269412f46885.jpg",
      "info_wrap": "코코미카",
      "region": "서울 강남구"
    },
    {
      "image_url": "img/default.png",
      "info_wrap": "박승철헤어스투디오 영등포역점",
      "region": "서울 영등포구"
    },
    {
      "image_url": "img/default.png",
      "info_wrap": "다인메이크업",
      "region": "경기 수원시"
    },
    {
      "image_url": "img/default.png",
      "info_wrap": "제이에스테틱",
      "region": "대구 수성구"
    },
    {
      "image_url": "img/default.png",
      "info_wrap": "창포원진희헤어팀",
      "region": "서울 서초구"
    },
    {
      "image_url": "img/default.png",
      "info_wrap": "여우분장실",
      "region": "세종 조치원읍"
    },
    {
      "image_url": "img/default.png",
      "info_wrap": "안나미웨딩",
      "region": "경북 구미시"
    },
    {
      "image_url": "img/default.png",
      "info_wrap": "지안",
      "region": "서울 강남구"
    },
    {
      "image_url": "img/default.png",
      "info_wrap": "라프레사",
      "region": "서울 용산구"
    },
    {
      "image_url": "img/default.png",
      "info_wrap": "배윤정메이크업전문샵",
      "region": "대구 남구"
    },
    {
      "image_url": "https://dnna01d8m6k3w.cloudfront.net/partner/202310/20231012/3a4e2adb-6290-4af7-a1e5-c5db92fd74ac.jpg",
      "info_wrap": "비기닝",
      "region": "서울 강남구"
    },
    {
      "image_url": "https://dnna01d8m6k3w.cloudfront.net/profile/202106/20210609/aa9af797-03e3-4683-8cc7-91a2691e602b.jpg",
      "info_wrap": "제이바이로이스타",
      "region": "서울 강남구"
    },
    {
      "image_url": "https://dnna01d8m6k3w.cloudfront.net/partner/202207/20220715/a05b7b7c-5f19-42e2-9cab-610e579ba50a.jpg",
      "info_wrap": "유림",
      "region": "서울 강남구"
    },
    {
      "image_url": "img/default.png",
      "info_wrap": "클라라웨딩",
      "region": "인천 남동구"
    },
    {
      "image_url": "img/default.png",
      "info_wrap": "성경희미용학원",
      "region": "제주 제주시"
    },
    {
      "image_url": "img/default.png",
      "info_wrap": "돌돌메이크업",
      "region": "경남 김해시"
    },
    {
      "image_url": "img/default.png",
      "info_wrap": "디오드 청담점",
      "region": "서울 강남구"
    },
    {
      "image_url": "img/default.png",
      "info_wrap": "베라메이크업",
      "region": "서울 강남구"
    },
    {
      "image_url": "img/default.png",
      "info_wrap": "고도연메이크업",
      "region": "대전 서구"
    },
    {
      "image_url": "https://dnna01d8m6k3w.cloudfront.net/partner/202209/20220929/2d922d85-7d8e-4370-b86f-15af9f5f0460.jpg",
      "info_wrap": "에이라빛",
      "region": "서울 강남구"
    },
    {
      "image_url": "img/default.png",
      "info_wrap": "스틸앤스톤",
      "region": "서울 강남구"
    },
    {
      "image_url": "img/default.png",
      "info_wrap": "화니웨딩드레스",
      "region": "광주 동구"
    },
    {
      "image_url": "img/default.png",
      "info_wrap": "아임인선",
      "region": "전북 익산시"
    },
    {
      "image_url": "img/default.png",
      "info_wrap": "맥지메이크업",
      "region": "서울 송파구"
    },
    {
      "image_url": "img/default.png",
      "info_wrap": "이상화웨딩스튜디오",
      "region": "서울 서초구"
    },
    {
      "image_url": "img/default.png",
      "info_wrap": "이니지오미용실",
      "region": "서울 마포구"
    },
    {
      "image_url": "img/default.png",
      "info_wrap": "K헤어",
      "region": "경북 포항시"
    },
    {
      "image_url": "img/default.png",
      "info_wrap": "초이스아트",
      "region": "서울 강서구"
    },
    {
      "image_url": "img/default.png",
      "info_wrap": "메이크업비앙",
      "region": "서울 성북구"
    },
    {
      "image_url": "img/default.png",
      "info_wrap": "azure",
      "region": "서울 강남구"
    },
    {
      "image_url": "img/default.png",
      "info_wrap": "토니앤가이 홍제역점",
      "region": "서울 서대문구"
    },
    {
      "image_url": "img/default.png",
      "info_wrap": "빛나는메이크업",
      "region": "대구 달서구"
    },
    {
      "image_url": "img/default.png",
      "info_wrap": "올리비아웨딩메이크업샵",
      "region": "서울 강남구"
    },
    {
      "image_url": "https://d31gm4xoou1wz2.cloudfront.net/review/d201708/d20170831/93dc9773-fa9a-4c5a-9320-0d1dbdd31541a.jpeg",
      "info_wrap": "에이컨셉 청담 본점",
      "region": "서울 강남구"
    },
    {
      "image_url": "img/default.png",
      "info_wrap": "루엘웨딩",
      "region": "울산 남구"
    },
    {
      "image_url": "img/default.png",
      "info_wrap": "메이크업픽쳐스",
      "region": "서울 서초구"
    },
    {
      "image_url": "img/default.png",
      "info_wrap": "포레스타 갤러리아포레점",
      "region": "서울 성동구"
    },
    {
      "image_url": "img/default.png",
      "info_wrap": "메르쎄",
      "region": "서울 강남구"
    },
    {
      "image_url": "https://d31gm4xoou1wz2.cloudfront.net/event/201705/20170520/80335729-3541-4922-9746-7f603eb4399b.jpg",
      "info_wrap": "보이드바이박철",
      "region": "서울 강남구"
    },
    {
      "image_url": "img/default.png",
      "info_wrap": "시크블랑",
      "region": "대구 중구"
    },
    {
      "image_url": "img/default.png",
      "info_wrap": "루디아메이크업",
      "region": "서울 서초구"
    },
    {
      "image_url": "img/default.png",
      "info_wrap": "잇츠메이크업",
      "region": "서울 강남구"
    },
    {
      "image_url": "http://d2tksqsghodazb.cloudfront.net/profile/201611/20161116/a321cfac-92bd-40de-9691-809f92cfd1c3.gif",
      "info_wrap": "더세리뷰티살롱",
      "region": "서울 강남구"
    },
    {
      "image_url": "img/default.png",
      "info_wrap": "디바이수성",
      "region": "서울 강남구"
    },
    {
      "image_url": "https://dnna01d8m6k3w.cloudfront.net/profile/202007/20200713/aefa0390-4d1e-4253-bd73-ab73d8940736.jpg",
      "info_wrap": "컬처앤네이처 본점",
      "region": "서울 강남구"
    },
    {
      "image_url": "img/default.png",
      "info_wrap": "제이메이크업갤러리",
      "region": "부산 북구"
    },
    {
      "image_url": "img/default.png",
      "info_wrap": "메이크업리베",
      "region": "서울 구로구"
    },
    {
      "image_url": "img/default.png",
      "info_wrap": "박수영 헤어파셀",
      "region": "서울 강남구"
    },
    {
      "image_url": "img/default.png",
      "info_wrap": "문희호메이크업",
      "region": "전남 순천시"
    },
    {
      "image_url": "img/default.png",
      "info_wrap": "탑메이크업",
      "region": "서울 은평구"
    },
    {
      "image_url": "img/default.png",
      "info_wrap": "오월의신부",
      "region": "경남 김해시"
    },
    {
      "image_url": "img/default.png",
      "info_wrap": "라임웨딩",
      "region": "제주 제주시"
    },
    {
      "image_url": "img/default.png",
      "info_wrap": "제니스뷰티벅스",
      "region": "부산 남구"
    },
    {
      "image_url": "https://dnna01d8m6k3w.cloudfront.net/partner/201905/20190528/efb072bc-6360-4a22-9178-bd7e28c2ca76.jpg",
      "info_wrap": "김선진끌로에",
      "region": "서울 강남구"
    },
    {
      "image_url": "img/default.png",
      "info_wrap": "웨딩베아트리체",
      "region": "부산 해운대구"
    },
    {
      "image_url": "https://dnna01d8m6k3w.cloudfront.net/profile/202111/20211102/7fa9583a-8d5b-4255-bc91-c4ca1074c8fd.jpg",
      "info_wrap": "마띠에르",
      "region": "서울 동작구"
    },
    {
      "image_url": "img/default.png",
      "info_wrap": "디어엘리",
      "region": "서울 강남구"
    },
    {
      "image_url": "https://dnna01d8m6k3w.cloudfront.net/profile/202211/20221119/6bd46b99-675a-4ea8-af0a-b794e8cb8ed0.jpg",
      "info_wrap": "에포트",
      "region": "서울 강남구"
    },
    {
      "image_url": "img/default.png",
      "info_wrap": "블루밍메이크업",
      "region": "대구 북구"
    },
    {
      "image_url": "img/default.png",
      "info_wrap": "곽지윤메이크업",
      "region": "충남 천안시"
    },
    {
      "image_url": "img/default.png",
      "info_wrap": "나비인",
      "region": "제주 제주시"
    },
    {
      "image_url": "img/default.png",
      "info_wrap": "원규앤노블레스 강릉점",
      "region": "강원 강릉시"
    },
    {
      "image_url": "https://d2inirspb1537h.cloudfront.net/community/d201701/d20170117/c4bf4e85-096e-47c7-b57b-3817371ff5d1a.jpeg",
      "info_wrap": "김청경오테르 길음뉴타운 2호점",
      "region": "서울 성북구"
    },
    {
      "image_url": "https://dnna01d8m6k3w.cloudfront.net/partner/202303/20230308/c58ff6ba-9b35-46a4-8d1c-ce6355b22bdd.jpg",
      "info_wrap": "드니",
      "region": "서울 강남구"
    },
    {
      "image_url": "img/default.png",
      "info_wrap": "온느메이크업&기분좋은날",
      "region": "부산 진구"
    },
    {
      "image_url": "img/default.png",
      "info_wrap": "진주스킨앤바디",
      "region": "대구 달서구"
    },
    {
      "image_url": "img/default.png",
      "info_wrap": "메이크업스텔라",
      "region": "서울 강동구"
    },
    {
      "image_url": "img/default.png",
      "info_wrap": "이가자헤어비스 홍대점",
      "region": "서울 마포구"
    },
    {
      "image_url": "https://dnna01d8m6k3w.cloudfront.net/profile/201807/20180728/36b478ce-0ed4-49b4-9be0-75f01f216840.png",
      "info_wrap": "크로체나인",
      "region": "서울 강남구"
    },
    {
      "image_url": "img/default.png",
      "info_wrap": "원헤어샵",
      "region": "서울 강남구"
    },
    {
      "image_url": "img/default.png",
      "info_wrap": "블러썸웨딩",
      "region": "경남 진주시"
    },
    {
      "image_url": "img/default.png",
      "info_wrap": "본샵",
      "region": "서울 강남구"
    },
    {
      "image_url": "img/default.png",
      "info_wrap": "더스토리239",
      "region": "서울 강남구"
    },
    {
      "image_url": "img/default.png",
      "info_wrap": "썸벨르 네일",
      "region": "경남 창원시"
    },
    {
      "image_url": "img/default.png",
      "info_wrap": "더제이 셀럽점",
      "region": "서울 강남구"
    },
    {
      "image_url": "img/default.png",
      "info_wrap": "아하바",
      "region": "서울 강남구"
    },
    {
      "image_url": "img/default.png",
      "info_wrap": "벨리타메이크업",
      "region": "대구 중구"
    },
    {
      "image_url": "img/default.png",
      "info_wrap": "듀메르시",
      "region": "경남 진주시"
    },
    {
      "image_url": "img/default.png",
      "info_wrap": "경신웨딩미용실",
      "region": "대구 중구"
    },
    {
      "image_url": "img/default.png",
      "info_wrap": "안도영뷰티",
      "region": "대구 달성군"
    },
    {
      "image_url": "https://dnna01d8m6k3w.cloudfront.net/profile/202005/20200530/0070cd9a-417f-40c5-98a2-b358cd5a702e.png",
      "info_wrap": "알루 본점",
      "region": "서울 강남구"
    },
    {
      "image_url": "https://dnna01d8m6k3w.cloudfront.net/profile/202003/20200328/ab275f5c-1e83-40e0-b4d5-51b70019d381.png",
      "info_wrap": "이엘 헤어메이크업",
      "region": "서울 강남구"
    },
    {
      "image_url": "img/default.png",
      "info_wrap": "위드 앤 샵",
      "region": "서울 성동구"
    },
    {
      "image_url": "img/default.png",
      "info_wrap": "리아뷰티",
      "region": "서울 마포구"
    },
    {
      "image_url": "img/default.png",
      "info_wrap": "데일리에스떼",
      "region": "서울 서초구"
    },
    {
      "image_url": "img/default.png",
      "info_wrap": "끌로에미용실",
      "region": "서울 강남구"
    },
    {
      "image_url": "img/default.png",
      "info_wrap": "조수미파우치메이크업",
      "region": "서울 서초구"
    },
    {
      "image_url": "img/default.png",
      "info_wrap": "메이크업바이수라",
      "region": "서울 광진구"
    },
    {
      "image_url": "img/default.png",
      "info_wrap": "마마앤킴",
      "region": "제주 제주시"
    },
    {
      "image_url": "img/default.png",
      "info_wrap": "더페트라",
      "region": "서울 강남구"
    },
    {
      "image_url": "img/default.png",
      "info_wrap": "정샘물 죽전",
      "region": "경기 용인시"
    },
    {
      "image_url": "img/default.png",
      "info_wrap": "미샤 홈플러스동청주점",
      "region": "충북 청주시"
    },
    {
      "image_url": "img/default.png",
      "info_wrap": "아우라뷰티",
      "region": "서울 강남구"
    },
    {
      "image_url": "img/default.png",
      "info_wrap": "미누",
      "region": "전북 군산시"
    },
    {
      "image_url": "img/default.png",
      "info_wrap": "힐링브러쉬",
      "region": "대전 서구"
    },
    {
      "image_url": "img/default.png",
      "info_wrap": "메이크업앤코",
      "region": "서울 강남구"
    },
    {
      "image_url": "img/default.png",
      "info_wrap": "끌로에베베&메이크업",
      "region": "부산 진구"
    },
    {
      "image_url": "https://dnna01d8m6k3w.cloudfront.net/partner/202301/20230112/edd3b942-4ab9-4906-96c7-58b8a9711371.png",
      "info_wrap": "밈 (mimm)",
      "region": "서울 강남구"
    },
    {
      "image_url": "img/default.png",
      "info_wrap": "뮤토메이크업헤어속눈썹",
      "region": "충북 음성군"
    },
    {
      "image_url": "img/default.png",
      "info_wrap": "메이크링",
      "region": "서울 성북구"
    },
    {
      "image_url": "https://dnna01d8m6k3w.cloudfront.net/profile/202104/20210416/066f9b21-ab14-45c9-b6ad-cfde066ad38a.jpg",
      "info_wrap": "쌤시크",
      "region": "서울 강남구"
    },
    {
      "image_url": "img/default.png",
      "info_wrap": "헤어코아",
      "region": "서울 강남구"
    },
    {
      "image_url": "img/default.png",
      "info_wrap": "네일아모르",
      "region": "서울 노원구"
    },
    {
      "image_url": "img/default.png",
      "info_wrap": "JIN샵",
      "region": "부산 진구"
    },
    {
      "image_url": "img/default.png",
      "info_wrap": "더샵메이크업",
      "region": "광주 서구"
    },
    {
      "image_url": "img/default.png",
      "info_wrap": "정샘물 대전",
      "region": "대전 서구"
    },
    {
      "image_url": "img/default.png",
      "info_wrap": "위스138",
      "region": "서울 서초구"
    },
    {
      "image_url": "img/default.png",
      "info_wrap": "아멜리에웨딩",
      "region": "충남 천안시"
    },
    {
      "image_url": "img/default.png",
      "info_wrap": "지안바이제니스",
      "region": "서울 강남구"
    },
    {
      "image_url": "img/default.png",
      "info_wrap": "강메이크업",
      "region": "경남 거제시"
    },
    {
      "image_url": "img/default.png",
      "info_wrap": "손지혜 위즈 메이크업",
      "region": "부산 해운대구"
    },
    {
      "image_url": "img/default.png",
      "info_wrap": "아나이스 웨딩",
      "region": "제주 제주시"
    },
    {
      "image_url": "img/default.png",
      "info_wrap": "이은정메이크업",
      "region": "대전 서구"
    },
    {
      "image_url": "img/default.png",
      "info_wrap": "보니또메이크업",
      "region": "충북 충주시"
    },
    {
      "image_url": "img/default.png",
      "info_wrap": "MW 메이크업앤왁싱",
      "region": "부산 연제구"
    },
    {
      "image_url": "img/default.png",
      "info_wrap": "단미메이크업",
      "region": "서울 마포구"
    },
    {
      "image_url": "img/default.png",
      "info_wrap": "마리힌웨딩",
      "region": "전북 전주시"
    },
    {
      "image_url": "img/default.png",
      "info_wrap": "스페셜데이",
      "region": "서울 강남구"
    },
    {
      "image_url": "img/default.png",
      "info_wrap": "인s 씨크릿메이크업",
      "region": "강원 원주시"
    },
    {
      "image_url": "https://dnna01d8m6k3w.cloudfront.net/partner/201905/20190528/d74066e7-dd1d-4f75-8b81-45bf577d7ad0.jpg",
      "info_wrap": "플리페",
      "region": "서울 강남구"
    },
    {
      "image_url": "http://d2inirspb1537h.cloudfront.net/community/201603/20160309/039392bf-8bd1-4c26-833d-51c06c64611aa.jpg",
      "info_wrap": "라뷰티코아 세이엇데이 청담본점",
      "region": "서울 강남구"
    },
    {
      "image_url": "img/default.png",
      "info_wrap": "뷰티앤밸런스",
      "region": "충남 논산시"
    },
    {
      "image_url": "img/default.png",
      "info_wrap": "더웨딩",
      "region": "경기 평택시"
    },
    {
      "image_url": "https://s3.ap-northeast-2.amazonaws.com/seoul-wbookapp-prd/community/d201705/d20170529/A65EE2AE-F6A6-4EE5-A0C8-85564DF042B9-2473-000001F8CFCF704F.jpeg",
      "info_wrap": "라뷰티코아 청담베네타워점",
      "region": "서울 강남구"
    },
    {
      "image_url": "img/default.png",
      "info_wrap": "특별한날",
      "region": "전북 전주시"
    },
    {
      "image_url": "https://d2inirspb1537h.cloudfront.net/community/d201611/d20161127/c3431fa8-5975-4aa9-8839-08b0f9d49624a.jpeg",
      "info_wrap": "재클린",
      "region": "서울 강남구"
    },
    {
      "image_url": "img/default.png",
      "info_wrap": "나비인헤어뉴스",
      "region": "서울 강남구"
    },
    {
      "image_url": "img/default.png",
      "info_wrap": "김활란뮤제네프 해운대 스타제이드점",
      "region": "부산 해운대구"
    },
    {
      "image_url": "https://dnna01d8m6k3w.cloudfront.net/profile/201809/20180913/88e1d366-fbb1-47e0-a2b1-286cab783580.jpg",
      "info_wrap": "케이트뷰티",
      "region": "서울 강남구"
    },
    {
      "image_url": "img/default.png",
      "info_wrap": "웨딩아이 모아이스튜디오",
      "region": "전북 군산시"
    },
    {
      "image_url": "img/default.png",
      "info_wrap": "라임드레스 메이크업",
      "region": "경남 창원시"
    },
    {
      "image_url": "img/default.png",
      "info_wrap": "아리따움 시청직영점",
      "region": "서울 중구"
    },
    {
      "image_url": "img/default.png",
      "info_wrap": "최요나 헤어메이크업",
      "region": "서울 강남구"
    },
    {
      "image_url": "img/default.png",
      "info_wrap": "Jwedding & 정민메이크업",
      "region": "서울 강남구"
    },
    {
      "image_url": "img/default.png",
      "info_wrap": "지아노",
      "region": "서울 강남구"
    },
    {
      "image_url": "img/default.png",
      "info_wrap": "차홍아르더 강남점",
      "region": "서울 강남구"
    },
    {
      "image_url": "img/default.png",
      "info_wrap": "제이리메이크업",
      "region": "경북 포항시"
    },
    {
      "image_url": "img/default.png",
      "info_wrap": "쌩크드보떼",
      "region": "서울 강남구"
    },
    {
      "image_url": "img/default.png",
      "info_wrap": "미나메이크업",
      "region": "충북 청주시"
    },
    {
      "image_url": "img/default.png",
      "info_wrap": "샬롬웨딩헤어샵",
      "region": "전북 전주시"
    },
    {
      "image_url": "img/default.png",
      "info_wrap": "아리따움 신곡아리점",
      "region": "경기 의정부시"
    },
    {
      "image_url": "img/default.png",
      "info_wrap": "디아망",
      "region": "부산 동래구"
    },
    {
      "image_url": "img/default.png",
      "info_wrap": "이진메이크업",
      "region": "강원 속초시"
    },
    {
      "image_url": "img/default.png",
      "info_wrap": "석웨딩연출미용실",
      "region": "충북 충주시"
    },
    {
      "image_url": "img/default.png",
      "info_wrap": "아우라디엠",
      "region": "전북 전주시"
    },
    {
      "image_url": "img/default.png",
      "info_wrap": "포레스타 반얀트리점",
      "region": "서울 중구"
    },
    {
      "image_url": "img/default.png",
      "info_wrap": "신정미메이크업",
      "region": "대전 서구"
    },
    {
      "image_url": "https://dnna01d8m6k3w.cloudfront.net/partner/202303/20230322/9159954f-a6fb-4d2f-815d-7e38cf90ce83.jpg",
      "info_wrap": "에이온에이",
      "region": "서울 강남구"
    },
    {
      "image_url": "img/default.png",
      "info_wrap": "de윤민메이크업",
      "region": "부산 해운대구"
    },
    {
      "image_url": "img/default.png",
      "info_wrap": "순수 SPA",
      "region": "서울 강남구"
    },
    {
      "image_url": "img/default.png",
      "info_wrap": "더끌림",
      "region": "강원 삼척시"
    },
    {
      "image_url": "https://dnna01d8m6k3w.cloudfront.net/partner/202203/20220303/53ea30e3-d56b-4e95-ae54-19ce6a5e3e5e.jpg",
      "info_wrap": "케이트뷰티",
      "region": "-"
    },
    {
      "image_url": "img/default.png",
      "info_wrap": "N.TIP NAIL",
      "region": "서울 서초구"
    },
    {
      "image_url": "img/default.png",
      "info_wrap": "이솝메이크업",
      "region": "서울 서대문구"
    },
    {
      "image_url": "https://d2inirspb1537h.cloudfront.net/community/d201610/d20161030/fe8ce5bd-5a8c-4c2e-9524-a2f085651c27a.jpeg",
      "info_wrap": "신오키새날",
      "region": "서울 강남구"
    },
    {
      "image_url": "img/default.png",
      "info_wrap": "가온 메이크업",
      "region": "광주 서구"
    },
    {
      "image_url": "img/default.png",
      "info_wrap": "수 출장 메이크업",
      "region": "충남 당진시"
    },
    {
      "image_url": "https://dnna01d8m6k3w.cloudfront.net/profile/202204/20220415/69c6f453-eb70-4255-a04c-75c6d0d63e97.jpg",
      "info_wrap": "고원",
      "region": "서울 강남구"
    },
    {
      "image_url": "https://s3.ap-northeast-2.amazonaws.com/seoul-wbookapp-prd/community/d201705/d20170510/bb771b39-1158-4302-b413-ee8e9ff31eb4a.jpeg",
      "info_wrap": "3Story by 강성우 도산점",
      "region": "서울 강남구"
    },
    {
      "image_url": "https://d31gm4xoou1wz2.cloudfront.net/review/d201710/d20171013/39b28e01-df9a-4c63-ba70-f612056dbdb1a.jpeg",
      "info_wrap": "로앤로우",
      "region": "서울 강남구"
    },
    {
      "image_url": "img/default.png",
      "info_wrap": "늘솜 갤러리점",
      "region": "서울 용산구"
    },
    {
      "image_url": "img/default.png",
      "info_wrap": "비안메이크업",
      "region": "서울 영등포구"
    },
    {
      "image_url": "img/default.png",
      "info_wrap": "라인헤어샵",
      "region": "강원 춘천시"
    },
    {
      "image_url": "img/default.png",
      "info_wrap": "성동크레토피아웨딩숍",
      "region": "전남 목포시"
    },
    {
      "image_url": "https://dnna01d8m6k3w.cloudfront.net/profile/202003/20200327/995aecc6-43f0-41b5-9867-c40811744b98.jpg",
      "info_wrap": "엘페라",
      "region": "서울 강남구"
    },
    {
      "image_url": "https://dnna01d8m6k3w.cloudfront.net/partner/202203/20220317/40d11258-3b9c-4a5a-a681-55c765560314.jpg",
      "info_wrap": "포레스타 블랙",
      "region": "서울 강남구"
    },
    {
      "image_url": "https://dnna01d8m6k3w.cloudfront.net/partner/202201/20220103/0dd4184c-25ba-470e-936d-4d11f5f9f67f.jpg",
      "info_wrap": "로자스포사 부산점",
      "region": "부산 진구"
    },
    {
      "image_url": "img/default.png",
      "info_wrap": "제이바이진메이크업",
      "region": "대전 중구"
    },
    {
      "image_url": "img/default.png",
      "info_wrap": "리얼메이크업",
      "region": "서울 마포구"
    },
    {
      "image_url": "img/default.png",
      "info_wrap": "봉쥬르헤어앙크",
      "region": "부산 동래구"
    },
    {
      "image_url": "img/default.png",
      "info_wrap": "히스라인 메이크업",
      "region": "서울 중구"
    },
    {
      "image_url": "img/default.png",
      "info_wrap": "채선아 출장메이크업",
      "region": "경기 용인시"
    },
    {
      "image_url": "img/default.png",
      "info_wrap": "아름다운날뷰티샵",
      "region": "전북 정읍시"
    },
    {
      "image_url": "img/default.png",
      "info_wrap": "어린신부웨딩&한복",
      "region": "충남 서산시"
    },
    {
      "image_url": "img/default.png",
      "info_wrap": "아티메이크업",
      "region": "서울 종로구"
    },
    {
      "image_url": "img/default.png",
      "info_wrap": "오월웨딩",
      "region": "광주 동구"
    },
    {
      "image_url": "img/default.png",
      "info_wrap": "권미라 헤어 메이크업 네일아트",
      "region": "서울 강동구"
    },
    {
      "image_url": "img/default.png",
      "info_wrap": "비제이 메이크업 네일스토리",
      "region": "충남 아산시"
    },
    {
      "image_url": "img/default.png",
      "info_wrap": "김영현 메이크업",
      "region": "대구 중구"
    },
    {
      "image_url": "img/default.png",
      "info_wrap": "메리움",
      "region": "전북 군산시"
    },
    {
      "image_url": "https://dnna01d8m6k3w.cloudfront.net/partner/202306/20230608/1f6fd8f7-efec-4940-a0c7-54eaad580633.jpg",
      "info_wrap": "라라피엠",
      "region": "서울 강남구"
    },
    {
      "image_url": "img/default.png",
      "info_wrap": "청담웨딩&달빛스쿠터",
      "region": "경남 거제시"
    },
    {
      "image_url": "img/default.png",
      "info_wrap": "데이앤라이프 신촌점",
      "region": "서울 서대문구"
    },
    {
      "image_url": "img/default.png",
      "info_wrap": "이가자 뷰티 아카데미",
      "region": "서울 강남구"
    },
    {
      "image_url": "img/default.png",
      "info_wrap": "메이크업바이엔",
      "region": "서울 마포구"
    },
    {
      "image_url": "img/default.png",
      "info_wrap": "더메이크업",
      "region": "울산 남구"
    },
    {
      "image_url": "img/default.png",
      "info_wrap": "클로져47",
      "region": "서울 강남구"
    },
    {
      "image_url": "img/default.png",
      "info_wrap": "살롱드뜨레",
      "region": "서울 마포구"
    },
    {
      "image_url": "img/default.png",
      "info_wrap": "오늘바이소리",
      "region": "서울 강남구"
    },
    {
      "image_url": "img/default.png",
      "info_wrap": "디오드뷰티살롱 압구정점",
      "region": "서울 강남구"
    },
    {
      "image_url": "img/default.png",
      "info_wrap": "피움헤어",
      "region": "서울 마포구"
    },
    {
      "image_url": "img/default.png",
      "info_wrap": "살롱드엘",
      "region": "부산 동래구"
    },
    {
      "image_url": "img/default.png",
      "info_wrap": "제이메이크업 이대점",
      "region": "서울 서대문구"
    },
    {
      "image_url": "img/default.png",
      "info_wrap": "채청수",
      "region": "서울 강남구"
    },
    {
      "image_url": "img/default.png",
      "info_wrap": "정연헤어&메이크업",
      "region": "서울 노원구"
    },
    {
      "image_url": "https://d2inirspb1537h.cloudfront.net/community/d201612/d20161201/37C7FBE7-D091-4E4D-B1D4-9176C6879CDA-491-00000079A3C15CD2.jpeg",
      "info_wrap": "순수 도산본점",
      "region": "서울 강남구"
    },
    {
      "image_url": "img/default.png",
      "info_wrap": "보니&갤러리B",
      "region": "강원 원주시"
    },
    {
      "image_url": "img/default.png",
      "info_wrap": "아리따움 장충동미소마을점",
      "region": "서울 중구"
    },
    {
      "image_url": "img/default.png",
      "info_wrap": "언니네미장원",
      "region": "부산 해운대구"
    },
    {
      "image_url": "img/default.png",
      "info_wrap": "위디",
      "region": "서울 강남구"
    },
    {
      "image_url": "img/default.png",
      "info_wrap": "SBS방송아카데미뷰티스쿨 인천부평캠퍼스",
      "region": "인천 부평구"
    },
    {
      "image_url": "img/default.png",
      "info_wrap": "이스타일메이크업",
      "region": "서울 강남구"
    },
    {
      "image_url": "img/default.png",
      "info_wrap": "스타일비메이크업&드레스 부산점",
      "region": "부산 진구"
    },
    {
      "image_url": "img/default.png",
      "info_wrap": "스튜디오엘가",
      "region": "경기 수원시"
    },
    {
      "image_url": "img/default.png",
      "info_wrap": "컬앤뷰티연화",
      "region": "부산 진구"
    },
    {
      "image_url": "img/default.png",
      "info_wrap": "비비트뷰티by아름",
      "region": "경남 거제시"
    },
    {
      "image_url": "img/default.png",
      "info_wrap": "쇼프라메이크업",
      "region": "서울 마포구"
    },
    {
      "image_url": "img/default.png",
      "info_wrap": "뮬메이크업스킨",
      "region": "전북 전주시"
    },
    {
      "image_url": "img/default.png",
      "info_wrap": "더한뷰티살롱 네일&왁싱",
      "region": "충북 청주시"
    },
    {
      "image_url": "img/default.png",
      "info_wrap": "메이크업한다",
      "region": "서울 마포구"
    },
    {
      "image_url": "img/default.png",
      "info_wrap": "금단비가뷰티아카데미학원",
      "region": "서울 강남구"
    },
    {
      "image_url": "https://dnna01d8m6k3w.cloudfront.net/profile/201911/20191101/c7990edc-fd3d-4a42-bcf4-272f58d88022.png",
      "info_wrap": "미즈노블뷰티살롱",
      "region": "서울 강남구"
    },
    {
      "image_url": "img/default.png",
      "info_wrap": "삼정웨딩헤어샵",
      "region": "충북 충주시"
    },
    {
      "image_url": "img/default.png",
      "info_wrap": "더 메이크업 려 신정애",
      "region": "경남 양산시"
    },
    {
      "image_url": "img/default.png",
      "info_wrap": "몽레브",
      "region": "대전 중구"
    },
    {
      "image_url": "https://d31gm4xoou1wz2.cloudfront.net/community/d201803/d20180317/C639AA76-BF1E-4078-A1E6-AA50808D6C8A-2443-000001C166D9DDD4.jpeg",
      "info_wrap": "포레스타 압구정점",
      "region": "서울 강남구"
    },
    {
      "image_url": "img/default.png",
      "info_wrap": "송죽미용실",
      "region": "대구 중구"
    },
    {
      "image_url": "img/default.png",
      "info_wrap": "이안웨딩컴퍼니",
      "region": "전남 순천시"
    },
    {
      "image_url": "img/default.png",
      "info_wrap": "오보테",
      "region": "서울 강남구"
    },
    {
      "image_url": "img/default.png",
      "info_wrap": "비비메이크업룸",
      "region": "서울 서대문구"
    },
    {
      "image_url": "https://d31gm4xoou1wz2.cloudfront.net/review/d201801/d20180126/66105D6A-ACEE-41FD-8F9C-1E3DB1CD794D-17984-00000C623F798BA0.jpeg",
      "info_wrap": "더쎄컨",
      "region": "서울 강남구"
    },
    {
      "image_url": "img/default.png",
      "info_wrap": "늘솜",
      "region": "서울 서초구"
    },
    {
      "image_url": "img/default.png",
      "info_wrap": "메이크업 일루",
      "region": "서울 마포구"
    },
    {
      "image_url": "img/default.png",
      "info_wrap": "에르모사노비아",
      "region": "대구 중구"
    },
    {
      "image_url": "img/default.png",
      "info_wrap": "미카의 메이크오버",
      "region": "서울 강남구"
    },
    {
      "image_url": "https://dnna01d8m6k3w.cloudfront.net/partner/201905/20190528/aeec6af4-9407-460f-977f-ea0bc4162828.jpg",
      "info_wrap": "꼼나나비앙",
      "region": "서울 강남구"
    },
    {
      "image_url": "img/default.png",
      "info_wrap": "라피네뷰티샵",
      "region": "부산 남구"
    },
    {
      "image_url": "img/default.png",
      "info_wrap": "인블룸",
      "region": "서울 구로구"
    },
    {
      "image_url": "img/default.png",
      "info_wrap": "김가현메이크업",
      "region": "전북 전주시"
    },
    {
      "image_url": "img/default.png",
      "info_wrap": "에이블청담",
      "region": "서울 강남구"
    },
    {
      "image_url": "img/default.png",
      "info_wrap": "JM",
      "region": "서울 마포구"
    },
    {
      "image_url": "img/default.png",
      "info_wrap": "chop hair 청담aria",
      "region": "서울 강남구"
    },
    {
      "image_url": "img/default.png",
      "info_wrap": "청메이크업스타일",
      "region": "전남 순천시"
    },
    {
      "image_url": "https://dnna01d8m6k3w.cloudfront.net/partner/202207/20220715/075877dd-794a-498b-94cf-7ef488b51b88.jpg",
      "info_wrap": "메이븐",
      "region": "서울 강남구"
    },
    {
      "image_url": "img/default.png",
      "info_wrap": "플로라속눈썹",
      "region": "경기 성남시"
    },
    {
      "image_url": "img/default.png",
      "info_wrap": "더뷰티by이쁘지애",
      "region": "경북 구미시"
    },
    {
      "image_url": "img/default.png",
      "info_wrap": "더메이컵샵",
      "region": "경남 창원시"
    },
    {
      "image_url": "img/default.png",
      "info_wrap": "벨리타메이크업",
      "region": "서울 서대문구"
    },
    {
      "image_url": "https://dnna01d8m6k3w.cloudfront.net/partner/202311/20231108/ec4f0603-41cb-485a-8191-7adaa03ef2ed.jpg",
      "info_wrap": "스타일플로어",
      "region": "서울 강남구"
    },
    {
      "image_url": "img/default.png",
      "info_wrap": "루이루뷰티스타일",
      "region": "서울 강남구"
    },
    {
      "image_url": "img/default.png",
      "info_wrap": "헬레나위드주희",
      "region": "서울 강남구"
    },
    {
      "image_url": "img/default.png",
      "info_wrap": "J효하메이크업",
      "region": "광주 동구"
    },
    {
      "image_url": "img/default.png",
      "info_wrap": "이희헤어",
      "region": "서울 강남구"
    },
    {
      "image_url": "img/default.png",
      "info_wrap": "라온헤어",
      "region": "서울 강남구"
    },
    {
      "image_url": "img/default.png",
      "info_wrap": "석미용실",
      "region": "대구 중구"
    },
    {
      "image_url": "http://d2inirspb1537h.cloudfront.net/community/201603/20160330/84a70f89-ee1d-4ea6-93ab-ca3effbd07c5a.jpg",
      "info_wrap": "라끌로에",
      "region": "서울 강남구"
    },
    {
      "image_url": "img/default.png",
      "info_wrap": "메이크업도로시",
      "region": "서울 마포구"
    },
    {
      "image_url": "img/default.png",
      "info_wrap": "한승희메이크업",
      "region": "대전 서구"
    },
    {
      "image_url": "img/default.png",
      "info_wrap": "뷰티에스메이크업",
      "region": "광주 서구"
    },
    {
      "image_url": "https://dnna01d8m6k3w.cloudfront.net/profile/202307/20230727/475279d9-5f21-4efe-a795-fb52b68250e6.jpg",
      "info_wrap": "헤움 (수원)",
      "region": "경기 수원시"
    }
  ]
}
